"Stock_Market_ID","stock__Ticker_symbol","stock__Company_name","stock__Date","stock__Open_price","stock__Close_price","stock__High_price","stock__Low_price","stock__Volume"
"1","GOOG","Google LLC","10/28/2016","186.77","6596.62","9213.31","2838.82","65819"
"2","AMZN","Apple Inc.","10/25/2013","7542.61","5283.55","7519.04","3944.74","44492"
"3","AAPL","Inc.","10/16/2015","2027.18","7251.53","8983.07","1370.65","45486"
"4","TSLA","Inc.","2/23/2019","4995.43","8481.98","6313.5","5258.15","23512"
"5","FB","Google LLC","7/30/2010","2872.25","5217.69","2595.25","8755.4","94973"
"6","AMZN","Apple Inc.","12/12/2016","5699.85","7304.29","4502.31","2357.83","17613"
"7","FB","Apple Inc.","12/26/2019","7290.45","9961.0","6403.48","5990.79","41644"
"8","TSLA","Apple Inc.","12/23/2017","8151.12","2171.34","8587.31","7416.84","25835"
"9","AMZN","Inc.","4/21/2011","2272.89","385.46","2020.07","9418.07","90059"
"10","FB","Inc.","11/26/2011","1022.75","30.96","2037.33","6866.94","43616"
"11","TSLA","Inc.","5/22/2014","5537.89","111.86","8598.49","4268.12","76659"
"12","TSLA","Inc.","1/26/2018","9101.23","5509.43","5189.4","5839.77","78841"
"13","AAPL","Amazon.com","11/18/2021","3987.89","9839.25","1480.33","43.24","51949"
"14","FB","Facebook","3/5/2011","1714.47","5145.59","6322.62","732.95","55942"
"15","AMZN","Tesla","2/21/2018","3726.35","9239.81","2488.96","8695.88","58615"
"16","FB","Inc.","2/26/2021","529.29","8186.02","7058.15","5555.31","24073"
"17","FB","Apple Inc.","6/22/2021","8628.18","5423.8","6073.03","8545.3","1550"
"18","GOOG","Inc.","12/15/2017","5764.77","645.3","8699.33","1070.01","70190"
"19","GOOG","Inc.","4/25/2012","9348.72","7492.25","7850.86","5449.17","60311"
"20","TSLA","Inc.","5/26/2017","7703.7","7272.46","1197.62","3857.14","97871"
"21","AMZN","Inc.","10/30/2015","1917.32","3936.32","6292.87","96.67","26249"
"22","AAPL","Tesla","8/10/2018","7168.78","1382.9","141.22","4237.35","17760"
"23","TSLA","Facebook","6/18/2015","7864.17","8199.67","7884.5","7543.44","94260"
"24","AMZN","Tesla","9/11/2012","2640.37","9989.51","6291.95","7270.08","9826"
"25","FB","Inc.","10/3/2014","2244.44","1781.41","4478.46","3001.73","92700"
"26","FB","Google LLC","12/5/2011","4774.18","8147.88","9300.55","7307.65","1167"
"27","GOOG","Inc.","6/15/2018","8653.27","4079.47","5418.5","5656.75","20227"
"28","AAPL","Inc.","3/20/2021","7082.75","5963.46","5204.66","3357.57","91164"
"29","TSLA","Inc.","5/31/2011","9285.97","3978.65","7179.28","4504.04","35831"
"30","TSLA","Inc.","7/4/2020","8496.22","1576.23","9174.08","1662.16","24913"
"31","GOOG","Tesla","6/1/2014","4271.89","2189.84","7749.27","3177.78","10918"
"32","AMZN","Amazon.com","12/10/2015","7154.8","4780.62","7661.85","7893.88","54227"
"33","GOOG","Amazon.com","12/7/2020","8925.66","5916.97","7518.83","1747.14","6951"
"34","FB","Inc.","11/4/2021","4347.78","169.05","3233.96","3826.64","65320"
"35","FB","Inc.","12/18/2010","9155.58","7887.77","4998.43","2748.8","92482"
"36","AMZN","Apple Inc.","1/4/2016","461.02","5494.03","9719.1","7463.47","97958"
"37","TSLA","Tesla","2/17/2015","4541.6","5900.49","6162.67","7095.11","24833"
"38","GOOG","Facebook","9/23/2018","491.22","4447.35","6522.97","1589.85","85245"
"39","AMZN","Inc.","3/10/2012","4678.11","9761.29","5016.06","4095.91","61609"
"40","FB","Google LLC","7/31/2014","7707.73","9271.67","7213.0","7529.71","17694"
"41","TSLA","Apple Inc.","9/5/2020","4254.77","577.36","3851.41","285.46","2275"
"42","AAPL","Tesla","12/27/2013","4568.0","7691.02","4583.58","1596.0","81340"
"43","AAPL","Apple Inc.","11/1/2014","5621.9","5065.85","8067.05","2161.48","59189"
"44","TSLA","Inc.","11/24/2017","2270.08","8496.56","2408.06","7681.33","91162"
"45","AMZN","Google LLC","12/28/2018","8092.92","8408.32","8592.25","3371.42","73316"
"46","AMZN","Inc.","8/10/2015","7569.96","2028.55","6261.73","3588.58","23376"
"47","AMZN","Amazon.com","5/30/2010","3895.46","773.54","8860.09","8958.83","93179"
"48","FB","Tesla","4/19/2017","1835.92","7464.88","4893.75","6900.81","85096"
"49","TSLA","Inc.","5/28/2017","8818.71","2294.18","5347.72","9952.82","21119"
"50","AAPL","Inc.","11/10/2017","5481.44","5747.3","4617.55","6998.25","27604"
"51","TSLA","Inc.","1/14/2019","9479.87","4599.2","6406.03","8621.1","37297"
"52","FB","Inc.","5/11/2020","3634.81","2862.62","5368.8","3379.64","27030"
"53","GOOG","Facebook","2/6/2016","4150.2","3976.07","7276.68","7846.58","18351"
"54","AAPL","Amazon.com","6/9/2012","1142.6","1111.5","1012.01","9969.68","56159"
"55","FB","Facebook","8/2/2020","8492.62","3365.05","9978.6","5.14","7081"
"56","AMZN","Google LLC","7/19/2013","9011.64","1859.04","8136.21","1174.12","11590"
"57","FB","Google LLC","6/3/2018","8777.78","6481.02","2992.71","3053.66","51473"
"58","GOOG","Inc.","11/15/2011","8142.45","5358.37","5725.23","7181.74","73105"
"59","TSLA","Google LLC","8/30/2020","5492.32","2213.14","744.67","1366.94","76878"
"60","TSLA","Inc.","10/12/2010","5019.87","9905.3","9819.09","9712.59","43584"
"61","AAPL","Apple Inc.","7/23/2020","1320.06","6532.63","1701.88","9481.65","62754"
"62","FB","Apple Inc.","4/26/2019","6980.16","3675.83","6722.65","5077.31","57114"
"63","TSLA","Apple Inc.","5/18/2016","8530.96","3606.29","225.6","3154.76","98240"
"64","AAPL","Inc.","4/11/2011","6428.64","4843.47","7342.44","3476.28","84547"
"65","FB","Inc.","5/1/2015","6718.25","2982.62","3985.42","212.0","94774"
"66","AAPL","Facebook","10/22/2019","3410.52","1720.52","1204.21","93.8","61719"
"67","AMZN","Amazon.com","4/5/2014","4420.57","7021.34","4659.09","3539.75","67348"
"68","GOOG","Facebook","1/12/2016","846.29","9432.43","4126.34","7645.39","18648"
"69","AAPL","Inc.","7/27/2018","6519.61","4797.86","6384.24","592.2","76393"
"70","GOOG","Inc.","4/5/2014","8927.87","1828.47","7696.81","6415.54","99356"
"71","AAPL","Google LLC","2/4/2018","6024.24","6897.27","3479.56","733.98","34947"
"72","AMZN","Apple Inc.","9/4/2019","2868.27","4836.12","9963.27","4001.77","19646"
"73","AAPL","Apple Inc.","3/31/2015","2404.74","8382.31","9041.55","3104.44","80772"
"74","FB","Inc.","2/3/2019","2984.88","7487.79","6942.78","8506.83","57145"
"75","FB","Inc.","2/15/2018","6626.12","8262.64","4303.39","1690.86","21786"
"76","GOOG","Tesla","9/25/2021","1037.0","2592.17","3105.07","2891.03","65399"
"77","AAPL","Apple Inc.","3/10/2019","6478.11","4656.86","6805.67","5904.91","99549"
"78","FB","Amazon.com","3/30/2020","8300.34","3606.33","470.16","4477.79","80365"
"79","AAPL","Facebook","4/28/2015","9645.03","6209.1","5884.75","3769.02","71803"
"80","AMZN","Facebook","5/6/2015","5678.91","3088.14","8236.06","9939.32","46515"
"81","FB","Inc.","9/30/2011","5853.5","8062.16","6778.76","485.14","42769"
"82","AMZN","Amazon.com","5/17/2017","2779.43","7358.99","4360.82","4841.58","6259"
"83","GOOG","Inc.","6/11/2016","5802.57","3184.84","9753.72","4301.65","43358"
"84","FB","Facebook","3/6/2010","6015.26","937.15","3857.41","4401.21","2291"
"85","FB","Inc.","3/17/2011","4868.18","6848.47","4074.44","8298.34","93369"
"86","FB","Amazon.com","10/3/2011","3301.89","2199.77","5502.7","2872.31","36968"
"87","GOOG","Inc.","2/8/2019","3439.02","7289.84","9090.6","699.63","48227"
"88","TSLA","Amazon.com","8/6/2018","8941.2","9261.61","6879.69","6767.99","20157"
"89","GOOG","Inc.","12/1/2016","6687.63","1125.28","4141.07","3668.6","45569"
"90","AMZN","Apple Inc.","12/22/2011","9534.18","8325.21","797.24","9067.45","35477"
"91","TSLA","Facebook","8/23/2011","3447.25","643.34","7271.11","5345.32","41069"
"92","AAPL","Inc.","12/29/2013","4392.04","2339.29","8554.78","4303.77","84174"
"93","FB","Tesla","8/17/2017","2106.96","4815.46","9579.44","8369.74","43133"
"94","TSLA","Inc.","1/10/2018","7077.19","8777.4","6480.49","6969.14","1384"
"95","GOOG","Apple Inc.","9/27/2021","9287.5","5003.79","6359.77","7996.14","51081"
"96","TSLA","Google LLC","9/4/2013","6300.49","3270.55","5440.77","4411.95","4379"
"97","FB","Amazon.com","3/31/2018","4452.29","2498.9","1953.65","4061.59","42554"
"98","AMZN","Google LLC","1/25/2014","97.08","3365.02","1995.6","2335.09","51330"
"99","TSLA","Apple Inc.","5/10/2017","1434.99","4547.53","7424.07","8875.48","12195"
"100","AAPL","Inc.","3/23/2013","9504.59","9788.77","2838.69","6465.85","72790"
"101","FB","Amazon.com","3/19/2015","1272.06","32.34","5780.03","4276.32","21481"
"102","GOOG","Inc.","9/20/2017","6960.07","6574.23","2886.75","1456.41","29182"
"103","AMZN","Facebook","10/30/2010","8795.16","5755.24","4339.46","6306.5","63631"
"104","AAPL","Inc.","6/13/2021","3886.37","4592.67","6052.96","9576.29","32445"
"105","GOOG","Inc.","6/11/2019","5865.87","3183.47","1558.4","7321.5","75271"
"106","FB","Inc.","11/5/2013","5703.7","5545.89","6763.57","3076.96","37365"
"107","AMZN","Apple Inc.","9/10/2021","2951.9","8768.88","850.03","7940.56","49403"
"108","GOOG","Google LLC","1/8/2016","7594.03","56.86","4286.56","9711.0","95625"
"109","FB","Inc.","5/6/2011","3939.5","9319.22","1301.34","1210.9","61178"
"110","AMZN","Inc.","7/7/2019","9788.5","1623.99","2268.55","7182.8","63494"
"111","FB","Inc.","7/8/2018","5277.78","2010.07","3786.36","9559.87","25765"
"112","AAPL","Inc.","1/10/2014","5452.36","2341.7","6475.9","5970.99","65377"
"113","TSLA","Inc.","7/14/2020","3223.04","2537.03","7811.82","6681.15","50269"
"114","AAPL","Tesla","12/10/2021","3943.26","9978.84","1240.36","622.18","21124"
"115","GOOG","Inc.","8/19/2015","3849.39","2728.08","517.34","2153.73","72127"
"116","GOOG","Google LLC","3/5/2020","6511.13","5972.71","6041.36","4228.98","44629"
"117","TSLA","Inc.","1/4/2021","1654.05","5688.22","7139.42","9501.57","31126"
"118","GOOG","Google LLC","12/15/2015","7746.4","9346.32","3750.87","2814.6","15440"
"119","FB","Inc.","6/16/2016","6828.6","2592.66","9197.71","8761.3","54837"
"120","FB","Tesla","1/24/2010","6934.32","5490.24","1787.73","6987.83","71115"
"121","AMZN","Inc.","11/2/2013","4272.8","5424.3","1780.63","2279.59","29679"
"122","GOOG","Facebook","9/13/2011","2275.41","8483.02","9816.11","4972.41","63579"
"123","AMZN","Google LLC","10/3/2014","9631.88","1354.35","7315.65","8608.59","23931"
"124","FB","Amazon.com","1/14/2011","1735.77","7748.72","585.63","2982.7","99378"
"125","TSLA","Inc.","1/30/2011","7646.2","3285.31","3048.6","4224.91","69659"
"126","GOOG","Inc.","8/5/2021","2551.77","7513.77","4929.63","4366.34","90651"
"127","TSLA","Facebook","3/12/2021","8652.67","8988.87","6290.65","1768.42","40082"
"128","FB","Google LLC","11/11/2019","1532.8","1931.88","9151.72","9599.07","9067"
"129","FB","Inc.","8/20/2013","2966.21","8831.84","9062.43","6364.82","7072"
"130","AAPL","Apple Inc.","9/12/2016","6925.67","9957.03","4154.06","2732.9","40261"
"131","AAPL","Inc.","9/30/2012","1433.97","3167.5","5058.36","2773.1","69064"
"132","TSLA","Inc.","7/24/2013","737.35","2586.23","6147.11","2576.83","63160"
"133","FB","Facebook","11/18/2017","4398.15","6927.48","7098.09","9197.04","58150"
"134","GOOG","Facebook","10/19/2018","4408.69","5651.47","3352.75","5752.12","68149"
"135","AAPL","Inc.","6/14/2012","8540.17","3921.86","6741.7","9442.6","1749"
"136","GOOG","Apple Inc.","5/1/2018","1112.68","17.57","7152.5","3373.82","36101"
"137","FB","Amazon.com","6/28/2021","329.67","9858.95","1928.77","5454.45","47393"
"138","GOOG","Inc.","5/13/2017","579.63","5368.99","4746.3","8523.75","76540"
"139","TSLA","Tesla","10/10/2018","3009.74","1466.78","5088.01","6508.12","21683"
"140","AMZN","Apple Inc.","3/12/2019","5282.02","163.8","5879.56","9494.5","43580"
"141","AAPL","Google LLC","12/25/2012","5208.63","8480.53","9892.17","6609.06","78434"
"142","GOOG","Tesla","9/21/2015","4471.88","22.81","3124.92","4348.0","4722"
"143","GOOG","Google LLC","6/14/2014","6421.75","4502.05","6193.99","526.21","79388"
"144","FB","Amazon.com","1/1/2010","1662.37","5239.57","9250.81","6480.01","79416"
"145","TSLA","Apple Inc.","6/7/2013","5072.46","5688.39","6300.33","1006.11","8035"
"146","FB","Amazon.com","3/29/2018","8316.74","4507.58","8930.15","1671.91","72224"
"147","GOOG","Inc.","10/23/2014","2335.47","3456.0","2706.06","674.3","56587"
"148","TSLA","Amazon.com","1/11/2015","1417.07","2980.56","1938.91","8347.43","28717"
"149","TSLA","Amazon.com","11/25/2010","3188.89","5166.3","3837.27","5864.95","44295"
"150","AMZN","Amazon.com","6/28/2019","1501.21","7894.76","9722.32","6586.52","64668"
"151","AMZN","Apple Inc.","2/13/2017","4842.91","5370.81","1292.66","5279.78","23956"
"152","TSLA","Google LLC","6/23/2014","9991.94","753.13","7763.81","9592.12","65211"
"153","AMZN","Google LLC","11/14/2017","3481.13","9048.44","5015.71","5902.06","45052"
"154","GOOG","Amazon.com","3/8/2021","1935.98","6660.98","3298.58","4010.45","42202"
"155","GOOG","Apple Inc.","4/6/2018","697.9","6396.15","3362.14","8770.74","77861"
"156","AAPL","Google LLC","3/5/2019","1400.21","4713.3","4367.48","8169.27","40508"
"157","AAPL","Apple Inc.","3/26/2021","5286.07","8838.59","525.69","4957.57","7947"
"158","AAPL","Facebook","3/7/2013","3003.01","49.37","8734.43","975.8","64393"
"159","TSLA","Amazon.com","4/23/2011","5392.96","6784.26","3438.14","1093.34","9597"
"160","AAPL","Inc.","5/12/2021","1326.29","1351.78","2091.8","98.15","71153"
"161","TSLA","Inc.","12/1/2011","6791.28","9621.77","1876.22","1178.53","75671"
"162","TSLA","Facebook","12/24/2016","4419.21","220.61","4081.42","5444.78","75512"
"163","GOOG","Inc.","10/5/2016","5325.31","3685.54","5942.75","8723.14","3459"
"164","AMZN","Inc.","4/24/2019","5580.19","4829.99","7676.73","9334.04","15798"
"165","TSLA","Facebook","2/10/2015","6874.73","4033.14","3317.06","9425.81","94511"
"166","GOOG","Inc.","12/29/2015","9389.53","3686.48","9822.36","5654.8","41730"
"167","AMZN","Apple Inc.","3/16/2020","9024.87","6981.71","7425.11","2208.1","94023"
"168","TSLA","Tesla","11/28/2017","4949.22","8017.02","4653.24","3406.82","79877"
"169","TSLA","Inc.","3/12/2016","7065.18","7085.97","4811.92","9742.0","74451"
"170","GOOG","Google LLC","5/26/2014","7516.21","4974.25","1787.88","5153.12","61180"
"171","TSLA","Inc.","6/9/2016","8777.65","5887.99","4966.43","7895.18","96938"
"172","GOOG","Amazon.com","3/10/2013","7060.19","3758.17","3179.78","2110.8","69820"
"173","FB","Google LLC","2/9/2014","8073.11","7733.81","1178.84","6665.24","19202"
"174","FB","Facebook","6/6/2011","6233.59","6196.11","2608.79","585.43","19809"
"175","TSLA","Amazon.com","12/23/2021","9214.97","8048.81","3043.3","1492.73","2465"
"176","GOOG","Facebook","10/1/2014","1282.07","2588.26","6112.42","6035.31","31051"
"177","FB","Tesla","7/8/2020","17.34","8076.73","2813.6","3023.4","7686"
"178","AAPL","Inc.","2/9/2011","187.56","3066.12","4522.36","1899.55","31703"
"179","AMZN","Facebook","7/27/2011","7971.3","2550.41","4754.03","3047.11","77351"
"180","AMZN","Apple Inc.","6/2/2013","8930.62","7594.56","9938.52","6175.59","7172"
"181","AAPL","Tesla","7/8/2021","3646.74","3184.91","9490.27","2045.57","90079"
"182","GOOG","Apple Inc.","7/6/2015","4511.75","9057.24","6438.72","8248.06","19976"
"183","GOOG","Google LLC","12/31/2018","4778.61","2141.12","2878.24","8051.25","24963"
"184","FB","Tesla","2/26/2016","4222.27","5287.58","1903.08","6317.51","47055"
"185","TSLA","Facebook","6/12/2011","3838.76","1968.42","7588.08","9345.98","72104"
"186","AMZN","Inc.","9/20/2020","4281.52","6962.72","8863.37","9526.31","79860"
"187","AMZN","Tesla","2/7/2011","1923.55","3432.13","6034.48","6110.71","75522"
"188","AMZN","Inc.","7/8/2020","8734.96","4831.31","1146.93","2827.41","38144"
"189","AAPL","Amazon.com","12/1/2010","7102.29","8050.95","8579.93","7630.71","7307"
"190","GOOG","Facebook","12/1/2021","5329.92","1533.05","566.17","3099.72","62483"
"191","TSLA","Inc.","5/28/2016","670.24","2600.05","9310.49","4286.55","4669"
"192","AMZN","Inc.","11/30/2019","3910.73","5924.15","5190.29","4221.46","81385"
"193","TSLA","Google LLC","5/16/2013","6189.91","4133.06","3967.62","8916.3","46170"
"194","AAPL","Inc.","11/24/2012","4177.43","9294.38","6024.28","588.85","85784"
"195","FB","Facebook","10/17/2021","6836.58","8691.7","2834.87","2505.35","53541"
"196","TSLA","Inc.","5/7/2019","4670.31","1445.95","1930.91","5201.62","35383"
"197","TSLA","Inc.","5/17/2013","9648.78","7427.59","4279.33","1.99","63520"
"198","TSLA","Inc.","9/20/2013","2107.39","3991.42","8660.71","8297.46","56829"
"199","AAPL","Apple Inc.","7/28/2016","9039.98","3391.15","3117.77","9880.79","92874"
"200","AMZN","Facebook","4/2/2016","3141.86","7634.93","1518.55","4741.17","74342"
"201","AAPL","Inc.","7/20/2012","996.43","814.75","4650.15","394.72","2090"
"202","FB","Inc.","7/10/2011","6594.28","183.59","782.6","3716.18","63886"
"203","GOOG","Facebook","4/19/2010","5590.62","7782.16","8271.44","2373.72","60690"
"204","TSLA","Inc.","8/5/2011","4138.66","4117.76","9209.34","74.61","68575"
"205","FB","Tesla","2/18/2012","6459.78","840.47","5238.88","1457.18","44377"
"206","AAPL","Google LLC","12/24/2016","2851.37","6898.54","3039.7","3209.49","46973"
"207","AMZN","Apple Inc.","9/15/2011","1692.79","9118.24","9171.91","9490.75","9796"
"208","AAPL","Inc.","7/11/2019","4981.77","2442.74","9971.81","3706.73","75634"
"209","AAPL","Google LLC","9/6/2016","5751.4","4446.1","5854.22","30.72","20187"
"210","TSLA","Inc.","8/31/2017","2083.62","8631.13","6216.46","4091.16","15650"
"211","AMZN","Apple Inc.","10/3/2015","1022.52","8875.63","7630.25","2475.51","61119"
"212","AAPL","Apple Inc.","11/14/2017","9078.83","5577.49","6142.46","7674.78","32296"
"213","FB","Apple Inc.","12/7/2010","8188.1","5382.37","7978.52","5809.34","49818"
"214","FB","Inc.","12/11/2015","2518.42","7341.05","2467.55","9095.89","30993"
"215","FB","Tesla","7/15/2018","9858.62","8668.39","3276.9","4079.28","90613"
"216","AMZN","Tesla","8/8/2018","5405.58","3590.83","8765.01","4569.6","69705"
"217","AAPL","Inc.","9/11/2021","8040.33","6892.97","5655.92","2936.72","46916"
"218","TSLA","Amazon.com","11/18/2016","199.68","6544.88","6048.81","1709.88","34128"
"219","TSLA","Google LLC","3/16/2011","2724.15","249.66","761.42","2584.95","96646"
"220","GOOG","Amazon.com","8/2/2011","8332.39","1198.93","3471.21","6768.78","4208"
"221","FB","Inc.","9/1/2012","7456.87","9853.42","3246.73","7248.79","7552"
"222","AAPL","Inc.","1/8/2020","6999.54","9252.7","1478.81","7455.05","84941"
"223","TSLA","Inc.","1/17/2013","5105.65","3732.09","7939.01","8240.08","18943"
"224","TSLA","Inc.","7/26/2018","2074.03","9479.7","8748.16","4798.7","39518"
"225","TSLA","Inc.","3/30/2020","8274.85","5353.35","838.6","6536.03","30394"
"226","TSLA","Apple Inc.","6/6/2013","9881.61","1309.4","6001.54","652.17","87039"
"227","AAPL","Amazon.com","8/19/2012","5251.51","2712.11","4491.83","1264.74","21848"
"228","GOOG","Inc.","1/2/2019","1125.49","6357.92","7291.43","6828.02","11207"
"229","FB","Google LLC","11/24/2018","5591.82","9383.73","6914.39","964.05","10810"
"230","TSLA","Inc.","6/11/2012","1744.28","5261.16","8699.74","2176.44","39691"
"231","AAPL","Inc.","11/5/2013","4089.99","565.15","9624.31","2333.82","74321"
"232","AMZN","Amazon.com","12/30/2015","6770.24","2732.16","7651.64","8203.87","8202"
"233","GOOG","Apple Inc.","5/4/2013","4135.85","9480.91","7053.49","5278.47","87804"
"234","GOOG","Apple Inc.","6/12/2017","85.39","3955.81","2607.38","2176.66","76244"
"235","FB","Google LLC","3/17/2016","908.88","2502.17","8945.42","9111.81","66122"
"236","FB","Google LLC","7/13/2016","1334.1","1638.86","2651.57","2802.24","92087"
"237","FB","Inc.","11/28/2015","9963.53","8997.62","3666.41","7087.76","86831"
"238","GOOG","Inc.","7/20/2012","5812.87","4029.55","6854.76","3023.0","8230"
"239","TSLA","Inc.","12/24/2012","5323.01","4174.36","7159.97","1910.3","9203"
"240","GOOG","Apple Inc.","3/3/2021","371.82","8853.32","9467.55","3037.59","73049"
"241","TSLA","Inc.","12/4/2018","6835.48","7108.6","8223.37","7631.53","42777"
"242","TSLA","Tesla","6/20/2013","1491.61","4215.8","5840.24","4317.6","59009"
"243","TSLA","Inc.","4/27/2015","4219.49","9042.25","6759.36","2598.01","49151"
"244","AAPL","Inc.","3/2/2010","9473.46","4865.93","1316.24","8547.95","98640"
"245","AMZN","Inc.","4/7/2011","4570.46","8788.4","6172.22","7685.21","61914"
"246","AAPL","Inc.","12/23/2020","6410.08","5672.81","1474.36","3077.46","70283"
"247","TSLA","Tesla","2/4/2021","8260.33","8697.91","8708.76","9592.11","73143"
"248","GOOG","Google LLC","6/8/2018","6064.42","5298.87","6820.04","9127.22","31420"
"249","AMZN","Facebook","4/26/2013","3739.97","3191.61","1258.79","3369.25","56080"
"250","FB","Google LLC","12/12/2015","7737.58","7671.96","1805.56","3876.81","89780"
"251","TSLA","Google LLC","10/13/2012","5442.83","4136.22","9959.64","6223.06","30644"
"252","GOOG","Inc.","11/21/2016","8384.54","1988.62","6576.38","7993.31","22427"
"253","TSLA","Inc.","7/9/2018","9542.4","5097.43","5058.87","422.82","90867"
"254","GOOG","Inc.","11/5/2011","364.86","9051.03","9520.6","3133.56","68406"
"255","AAPL","Apple Inc.","9/22/2013","5569.46","6966.35","2096.18","9307.4","756"
"256","AMZN","Inc.","5/3/2016","5284.14","4039.99","37.52","7095.15","92323"
"257","GOOG","Facebook","3/28/2014","5769.2","7823.51","3908.89","6070.23","62377"
"258","FB","Inc.","2/25/2010","1723.33","5327.84","7265.39","1171.74","16064"
"259","AAPL","Tesla","9/24/2018","3160.81","8960.81","452.74","6806.15","62478"
"260","TSLA","Inc.","2/17/2020","359.2","7762.62","2596.8","835.9","59172"
"261","TSLA","Inc.","2/3/2010","5715.52","9153.54","3174.13","8466.89","79550"
"262","FB","Inc.","9/7/2012","1014.93","3166.18","2934.06","5707.78","98610"
"263","FB","Inc.","6/1/2010","1733.5","2413.98","8192.12","2680.83","25165"
"264","FB","Inc.","1/23/2012","9795.07","6603.24","9117.23","4022.16","76613"
"265","GOOG","Apple Inc.","6/29/2020","8467.01","3064.03","4265.84","8204.9","95989"
"266","TSLA","Facebook","4/14/2012","5374.26","6989.68","8576.0","8295.71","15070"
"267","AAPL","Google LLC","1/29/2020","6778.43","2000.33","4167.99","1390.27","53642"
"268","TSLA","Inc.","4/14/2018","7197.38","197.78","7911.98","1465.76","16673"
"269","GOOG","Amazon.com","12/1/2019","2680.47","1224.48","7563.07","1646.58","46298"
"270","GOOG","Apple Inc.","9/4/2010","9479.43","3517.33","495.14","6037.73","10122"
"271","AMZN","Google LLC","7/13/2011","4549.32","3935.82","1714.83","3633.05","98363"
"272","GOOG","Inc.","7/25/2018","5506.43","9170.7","6316.18","3653.35","96635"
"273","GOOG","Tesla","1/4/2021","9204.45","4975.04","1928.62","4703.78","5489"
"274","FB","Facebook","7/20/2015","6300.93","1114.35","3244.2","4862.15","46541"
"275","TSLA","Inc.","6/18/2019","1589.1","4458.58","4275.99","7122.44","75760"
"276","TSLA","Apple Inc.","6/7/2020","8714.01","3012.42","7519.17","275.67","90121"
"277","GOOG","Tesla","12/17/2018","8324.4","6193.51","2649.52","3693.18","5683"
"278","AAPL","Apple Inc.","11/5/2021","7941.62","7847.12","6858.71","4599.54","2663"
"279","GOOG","Inc.","8/10/2010","9290.86","8758.0","3238.3","4765.97","30165"
"280","AMZN","Inc.","12/22/2015","1375.65","5990.22","6969.21","9506.93","29364"
"281","TSLA","Inc.","4/9/2012","1207.59","2934.43","1750.95","5947.89","55272"
"282","AAPL","Inc.","5/3/2015","8800.42","7293.94","6611.48","222.0","71518"
"283","FB","Tesla","10/30/2017","5592.19","289.62","4983.88","171.33","35598"
"284","AMZN","Inc.","12/25/2019","6976.25","4483.24","8401.85","8683.57","92560"
"285","GOOG","Google LLC","7/8/2016","1006.65","8135.55","5829.78","916.84","94088"
"286","TSLA","Apple Inc.","10/2/2017","7342.62","2909.76","4341.62","6270.02","14361"
"287","AAPL","Apple Inc.","6/25/2020","6039.87","5745.72","4039.03","8204.29","70481"
"288","GOOG","Inc.","5/15/2021","329.57","542.73","8629.91","3220.64","29657"
"289","GOOG","Inc.","12/10/2010","9483.8","6886.62","4065.94","8737.66","80728"
"290","TSLA","Facebook","1/11/2012","741.64","8916.65","3515.22","6834.69","46029"
"291","FB","Facebook","4/19/2013","4138.98","9875.31","2772.77","8961.22","6051"
"292","AAPL","Apple Inc.","5/17/2011","2174.42","5892.28","3382.36","4604.58","70964"
"293","GOOG","Facebook","12/31/2015","9890.9","6424.3","9948.27","785.92","69444"
"294","TSLA","Facebook","9/12/2020","2949.14","6408.05","6207.03","8787.72","43143"
"295","AAPL","Tesla","8/14/2016","4260.75","4788.91","6508.34","8377.4","48831"
"296","FB","Inc.","12/23/2018","7489.63","8774.63","3602.49","1344.21","36614"
"297","TSLA","Inc.","1/26/2020","6185.54","8341.17","2448.01","2133.98","20232"
"298","FB","Facebook","7/1/2016","1176.71","1531.17","6508.76","7690.75","15319"
"299","AAPL","Inc.","1/31/2018","8575.09","7245.45","6729.55","7934.18","68620"
"300","FB","Inc.","6/27/2014","2679.61","6589.82","6453.11","2697.46","2668"
"301","AAPL","Inc.","5/1/2016","1677.68","1936.55","8372.41","8968.12","55322"
"302","AAPL","Google LLC","5/17/2018","4206.79","754.8","1934.64","3386.49","59212"
"303","GOOG","Tesla","12/10/2018","3157.12","9616.09","2631.43","2871.61","89558"
"304","FB","Inc.","9/7/2019","926.82","4467.1","8201.94","9830.49","50180"
"305","GOOG","Google LLC","8/9/2016","8379.12","175.2","8784.71","9542.07","40234"
"306","AMZN","Inc.","10/24/2018","7818.16","5112.82","2115.22","4083.78","81218"
"307","AAPL","Apple Inc.","9/12/2016","6761.05","1331.17","4747.9","2120.57","17197"
"308","TSLA","Google LLC","2/1/2021","4731.06","8662.32","4128.72","6499.36","40785"
"309","AAPL","Inc.","12/7/2015","3164.44","286.73","9804.65","604.54","32475"
"310","GOOG","Facebook","4/16/2016","3740.51","8009.11","7319.74","4443.36","94954"
"311","AAPL","Google LLC","10/15/2016","1934.06","6090.15","8051.86","4904.64","70528"
"312","GOOG","Inc.","2/25/2011","1375.16","2058.24","6543.06","5095.02","64940"
"313","AMZN","Inc.","4/30/2011","3332.58","6873.91","7162.3","4100.11","2725"
"314","GOOG","Inc.","7/3/2021","8263.87","9952.94","6049.22","7916.6","8123"
"315","FB","Google LLC","9/12/2018","5510.15","1967.49","1653.74","810.65","42337"
"316","AAPL","Google LLC","1/5/2018","721.01","6109.52","7591.15","620.87","3020"
"317","FB","Inc.","6/6/2019","2903.64","7198.78","1955.8","2981.7","48673"
"318","TSLA","Tesla","6/7/2015","89.02","2990.47","2210.57","7866.13","87450"
"319","FB","Facebook","12/8/2019","9824.97","6802.14","1054.36","1397.31","98418"
"320","AMZN","Tesla","3/7/2013","1255.36","9149.46","2783.99","1212.57","83615"
"321","AAPL","Inc.","12/30/2010","7899.65","4039.48","5824.06","7575.83","5763"
"322","AMZN","Inc.","12/3/2015","1023.5","8358.64","864.67","6379.85","32666"
"323","AAPL","Google LLC","4/7/2012","4049.34","8541.64","3234.07","5864.68","66993"
"324","AMZN","Inc.","4/17/2015","4545.47","6802.16","8982.64","8738.89","40686"
"325","GOOG","Inc.","6/14/2016","8354.3","6734.71","6315.59","1819.24","3579"
"326","GOOG","Facebook","8/18/2015","4228.16","7829.86","3696.8","3598.52","24794"
"327","FB","Inc.","1/29/2013","9289.67","8001.63","1393.21","3716.05","19600"
"328","AMZN","Tesla","5/17/2021","1162.77","892.86","2242.84","6502.99","985"
"329","AAPL","Tesla","10/29/2019","9281.91","7107.78","4613.81","8547.65","18244"
"330","AMZN","Inc.","12/1/2017","1164.75","1893.44","3141.92","3970.87","27765"
"331","TSLA","Google LLC","3/5/2010","241.22","7909.31","2317.48","2564.35","37904"
"332","GOOG","Tesla","1/4/2014","1670.24","3058.98","2451.06","1512.17","6514"
"333","FB","Apple Inc.","8/15/2021","5035.89","2879.46","8917.51","8737.56","36356"
"334","TSLA","Amazon.com","4/22/2013","807.72","8817.18","2546.1","4864.54","8054"
"335","GOOG","Inc.","3/10/2015","5117.89","1421.55","2347.56","5213.32","13947"
"336","FB","Facebook","6/19/2010","6788.62","3834.02","2080.01","1166.45","21085"
"337","GOOG","Inc.","7/1/2018","7031.02","4767.01","4539.57","598.94","69527"
"338","TSLA","Google LLC","1/13/2010","472.2","4604.19","2796.62","9776.72","68363"
"339","FB","Inc.","2/18/2012","8222.29","4370.47","886.75","8768.37","40954"
"340","AMZN","Apple Inc.","7/11/2021","8452.28","1170.28","1192.36","4841.31","29683"
"341","AAPL","Inc.","6/1/2017","6261.42","3086.91","488.06","5294.45","8530"
"342","AMZN","Apple Inc.","6/28/2013","1721.11","2894.99","4858.35","1457.67","76329"
"343","FB","Inc.","10/29/2011","349.96","9106.73","1285.09","909.81","85913"
"344","TSLA","Amazon.com","7/17/2018","9106.61","9230.38","3651.72","6562.9","39500"
"345","AMZN","Inc.","10/2/2019","260.36","2896.62","6216.4","7238.2","79424"
"346","AAPL","Facebook","2/23/2017","2672.91","7147.45","2940.5","6181.11","9352"
"347","GOOG","Inc.","6/5/2015","8626.07","5445.58","6739.81","4566.95","42949"
"348","AMZN","Facebook","4/5/2017","1337.76","9109.79","4279.47","1821.72","99325"
"349","TSLA","Tesla","5/15/2014","903.92","6068.59","6359.09","2632.45","84633"
"350","TSLA","Inc.","4/12/2020","1917.36","8643.58","5651.66","4302.49","70395"
"351","TSLA","Inc.","2/16/2019","6137.1","1403.11","9010.55","703.88","38875"
"352","AAPL","Tesla","10/26/2013","5869.68","7920.1","7775.27","4811.01","48574"
"353","FB","Apple Inc.","10/5/2012","3672.06","6791.77","185.02","2592.94","85595"
"354","AMZN","Facebook","9/28/2021","143.25","2001.06","2519.77","6511.73","90341"
"355","FB","Inc.","6/6/2015","1549.4","7574.31","9875.0","5829.67","37687"
"356","TSLA","Tesla","5/10/2019","4734.17","9491.43","1904.66","2031.34","80913"
"357","TSLA","Inc.","8/21/2012","726.37","196.36","3908.8","4349.63","36717"
"358","AMZN","Google LLC","7/29/2014","3301.19","300.67","1263.85","4934.31","16214"
"359","TSLA","Facebook","7/8/2014","5043.7","4465.58","2355.67","9819.99","41065"
"360","AMZN","Inc.","1/4/2017","8038.68","184.43","5526.56","8182.41","93119"
"361","FB","Amazon.com","7/6/2010","9340.86","7183.65","6223.03","6176.51","49363"
"362","GOOG","Inc.","12/17/2015","1811.95","570.67","4123.06","4495.23","6629"
"363","GOOG","Google LLC","5/24/2010","2960.52","499.92","3491.07","4496.88","83088"
"364","GOOG","Inc.","3/9/2020","7034.33","1351.2","2363.92","9000.19","77403"
"365","TSLA","Apple Inc.","10/21/2011","8000.41","3915.37","284.81","7338.0","65246"
"366","AMZN","Tesla","4/24/2016","2896.62","6154.41","7397.19","6742.49","20696"
"367","AAPL","Inc.","2/26/2012","8304.84","4097.7","5599.94","8027.73","33703"
"368","FB","Inc.","6/23/2015","8920.8","3308.91","5065.62","9367.3","92201"
"369","FB","Tesla","3/31/2011","4588.64","8924.71","7585.99","945.6","1888"
"370","AMZN","Inc.","1/30/2013","5419.87","4463.52","4026.29","5540.68","75495"
"371","GOOG","Apple Inc.","3/29/2021","6389.36","7675.4","7659.64","5224.28","49983"
"372","GOOG","Apple Inc.","6/4/2020","2985.95","8834.45","6691.58","6187.18","567"
"373","GOOG","Google LLC","5/18/2017","3035.37","5634.89","5730.42","9451.58","32592"
"374","AMZN","Google LLC","5/14/2013","978.64","2943.81","7022.3","8376.69","41462"
"375","AMZN","Google LLC","5/17/2020","6062.63","8585.93","8074.17","3827.49","12486"
"376","AMZN","Inc.","10/20/2017","3158.63","9906.93","1211.77","9008.41","24695"
"377","AMZN","Inc.","8/13/2014","4254.98","2883.99","9579.72","8787.27","59898"
"378","TSLA","Tesla","10/14/2018","119.03","7724.39","9434.99","1406.43","32754"
"379","TSLA","Inc.","1/9/2011","1287.82","9116.58","2260.77","1046.3","31397"
"380","FB","Apple Inc.","1/9/2020","9752.03","1945.66","4639.87","6208.15","9327"
"381","FB","Amazon.com","7/22/2016","1775.94","2063.89","2349.88","237.5","13701"
"382","AAPL","Inc.","6/24/2021","1822.49","3726.57","4872.57","7295.16","71963"
"383","AMZN","Tesla","6/28/2013","8775.57","4365.51","4807.1","2204.08","59209"
"384","FB","Tesla","1/1/2017","3598.71","2090.92","9890.68","1009.84","87023"
"385","GOOG","Apple Inc.","8/14/2014","5775.2","7406.79","1425.71","5354.32","36487"
"386","AAPL","Inc.","7/30/2013","9376.3","4504.2","9330.0","9318.11","59371"
"387","AAPL","Facebook","5/7/2019","5762.78","2574.47","5421.39","8290.92","8398"
"388","AMZN","Facebook","7/22/2017","5569.85","2481.69","3671.74","4076.1","37218"
"389","GOOG","Facebook","9/13/2017","7719.67","3832.82","2902.6","3090.6","6565"
"390","AAPL","Amazon.com","3/14/2021","845.38","6959.66","545.48","5941.46","42225"
"391","FB","Facebook","2/7/2011","3910.48","6599.88","7830.58","2691.85","55159"
"392","AAPL","Facebook","4/16/2011","6643.13","3811.94","729.21","5999.07","42143"
"393","TSLA","Inc.","9/21/2021","3015.12","7186.91","2205.03","3427.79","25879"
"394","TSLA","Google LLC","9/4/2020","152.63","4606.82","3712.58","3726.06","23668"
"395","GOOG","Google LLC","2/19/2012","5995.53","3454.92","2139.28","4838.55","19718"
"396","GOOG","Inc.","6/9/2015","8308.67","2041.46","2874.76","6569.5","85878"
"397","AAPL","Google LLC","12/5/2020","5928.59","4366.53","615.38","2509.7","69582"
"398","TSLA","Inc.","7/13/2020","5955.47","7356.34","6956.82","5760.03","93015"
"399","TSLA","Tesla","9/13/2018","315.9","5700.88","6211.61","403.87","20829"
"400","AMZN","Amazon.com","6/22/2015","6944.01","756.92","887.71","858.25","18904"
"401","FB","Facebook","12/9/2011","8309.76","8368.29","3444.76","3874.82","86123"
"402","FB","Inc.","12/18/2010","9684.39","3077.33","6516.98","2735.59","74877"
"403","GOOG","Apple Inc.","4/9/2014","3642.29","1579.12","9203.28","9533.21","12510"
"404","AAPL","Tesla","10/1/2019","5538.89","3925.17","1853.53","1817.21","36718"
"405","GOOG","Tesla","11/17/2016","8025.26","9749.86","2434.46","1976.2","7684"
"406","AMZN","Google LLC","10/14/2018","9034.68","9851.92","4849.93","2216.93","90854"
"407","FB","Tesla","12/2/2012","3030.16","8635.38","952.02","2603.46","89871"
"408","AAPL","Amazon.com","8/24/2018","3128.83","6617.5","9819.2","8080.09","34789"
"409","TSLA","Apple Inc.","2/10/2014","9812.77","7826.8","616.22","7059.04","55046"
"410","FB","Facebook","3/23/2020","6365.35","5219.34","2442.72","5622.01","85485"
"411","TSLA","Inc.","8/21/2021","1299.16","6414.78","5857.37","6107.04","8217"
"412","FB","Inc.","11/11/2018","8292.15","2525.42","9489.28","1997.89","21073"
"413","AAPL","Apple Inc.","7/4/2015","3861.3","9309.43","2589.92","6444.16","63394"
"414","FB","Amazon.com","6/9/2017","9465.74","6689.82","8366.0","1630.69","28688"
"415","FB","Amazon.com","8/13/2015","648.06","5782.63","2338.31","7325.63","55086"
"416","TSLA","Amazon.com","10/25/2016","5456.21","2004.41","1515.15","6784.9","47473"
"417","FB","Facebook","8/20/2014","9183.77","5462.99","3033.1","6064.96","17243"
"418","AAPL","Google LLC","2/14/2012","5337.31","5908.64","1473.2","9042.0","99141"
"419","AMZN","Tesla","4/12/2017","6479.89","1461.01","8402.35","6851.32","45151"
"420","TSLA","Inc.","9/27/2019","2072.26","6853.15","4289.26","7079.89","65387"
"421","FB","Tesla","7/29/2021","1890.36","6912.62","2320.52","749.98","24633"
"422","AMZN","Inc.","7/11/2011","4398.09","4013.17","5748.89","58.05","28155"
"423","FB","Tesla","7/10/2014","2015.96","6387.02","3463.25","5084.31","1555"
"424","FB","Inc.","10/5/2016","1272.54","2666.18","7991.19","4706.49","20613"
"425","AAPL","Amazon.com","2/19/2013","4171.0","7184.98","7728.64","3300.89","43321"
"426","AAPL","Facebook","10/31/2013","9410.92","5345.99","7976.94","5593.09","20831"
"427","GOOG","Inc.","2/17/2018","7426.45","8162.82","5992.59","7470.56","99174"
"428","TSLA","Amazon.com","8/13/2015","5264.49","4647.35","9059.56","9419.1","53785"
"429","FB","Facebook","10/23/2014","7700.17","9721.69","6970.86","9757.92","60109"
"430","AMZN","Facebook","8/8/2016","7223.34","5179.16","8168.22","3851.42","33930"
"431","GOOG","Google LLC","1/20/2019","3236.29","3904.57","692.52","5324.74","38748"
"432","FB","Inc.","7/1/2011","1103.7","7064.2","9246.88","856.97","13714"
"433","GOOG","Inc.","10/1/2021","4226.24","3611.0","2084.12","5469.04","82350"
"434","AMZN","Inc.","12/27/2015","6273.21","6511.73","3859.1","4365.65","84202"
"435","AAPL","Tesla","1/12/2021","5147.29","6751.78","4133.69","4511.66","21662"
"436","TSLA","Tesla","6/19/2012","3114.06","1694.7","969.36","683.8","28170"
"437","TSLA","Amazon.com","1/20/2012","9841.94","2601.88","6000.52","2343.1","76035"
"438","FB","Inc.","7/6/2018","3266.56","1534.48","5652.45","4603.84","76192"
"439","AAPL","Google LLC","1/16/2019","8793.82","3159.35","9408.99","1079.95","8506"
"440","TSLA","Inc.","7/2/2011","2548.96","6275.49","6999.33","5520.46","73121"
"441","AAPL","Inc.","5/6/2019","9216.16","7090.9","9082.9","3167.38","43948"
"442","GOOG","Tesla","4/30/2019","381.93","4633.72","7701.04","7596.69","90911"
"443","AAPL","Amazon.com","9/28/2021","6034.3","5572.59","7349.25","4367.45","66062"
"444","GOOG","Inc.","5/12/2014","4336.69","5162.73","2378.36","69.47","41604"
"445","AAPL","Tesla","8/25/2018","7528.16","2591.77","1996.55","4484.66","3113"
"446","GOOG","Facebook","7/27/2014","3313.43","9084.01","57.1","4799.61","47695"
"447","AMZN","Inc.","9/8/2013","287.9","9791.4","4814.23","5457.1","72580"
"448","GOOG","Tesla","6/18/2010","217.64","8257.07","4931.16","8579.41","72354"
"449","FB","Amazon.com","1/12/2011","972.47","5386.6","2526.21","2231.42","60693"
"450","AAPL","Facebook","4/1/2012","2291.98","4889.12","6677.13","7095.13","20134"
"451","GOOG","Inc.","11/17/2010","5298.41","376.89","654.87","1364.98","3207"
"452","AAPL","Tesla","4/19/2012","5420.62","516.53","5390.99","3488.11","76754"
"453","AMZN","Inc.","3/5/2013","7798.35","9221.23","7098.95","4172.11","89908"
"454","AMZN","Inc.","11/6/2016","3746.16","891.09","2480.62","4854.68","8813"
"455","AAPL","Tesla","2/23/2016","4720.66","2724.83","9118.88","8156.33","91622"
"456","TSLA","Tesla","6/25/2015","1316.22","8232.68","1330.27","5708.31","23515"
"457","FB","Apple Inc.","11/3/2016","7100.15","4047.15","1544.65","862.49","45142"
"458","AMZN","Inc.","1/24/2021","6323.87","7470.33","9341.63","2417.51","56023"
"459","AMZN","Inc.","2/28/2010","8837.15","3487.05","8036.47","178.1","86894"
"460","AMZN","Amazon.com","1/24/2011","8905.54","3489.18","8333.72","9862.16","63966"
"461","FB","Facebook","5/23/2015","5525.63","1258.11","5071.92","9744.53","60896"
"462","FB","Inc.","12/14/2017","5334.05","1552.9","4823.03","6828.77","53954"
"463","AMZN","Apple Inc.","8/9/2011","6727.42","1304.8","7209.87","2557.41","19363"
"464","TSLA","Tesla","2/9/2011","8131.32","4382.92","5492.12","2237.21","97006"
"465","AMZN","Apple Inc.","8/2/2015","2837.81","4764.26","4139.95","8432.55","30844"
"466","TSLA","Inc.","5/26/2013","6753.83","1800.32","1999.43","14.64","64148"
"467","FB","Apple Inc.","5/8/2011","9512.38","8328.47","774.47","6210.68","76578"
"468","AMZN","Apple Inc.","2/20/2020","2353.92","8507.18","3785.61","9046.04","35541"
"469","TSLA","Tesla","2/14/2010","3311.75","2751.64","5375.07","7481.35","74387"
"470","FB","Facebook","12/30/2015","4818.0","4877.93","7213.55","2039.7","96403"
"471","GOOG","Apple Inc.","7/23/2012","3692.78","7014.56","9372.43","8125.88","14190"
"472","AAPL","Inc.","1/31/2021","215.95","4592.38","4107.09","622.09","14510"
"473","TSLA","Apple Inc.","10/27/2011","6557.64","5926.49","4721.64","5754.15","94567"
"474","GOOG","Amazon.com","1/10/2020","5467.02","5461.02","6342.63","7737.43","91148"
"475","TSLA","Facebook","8/14/2017","3858.75","5768.04","2571.71","7998.18","45772"
"476","AAPL","Tesla","4/6/2018","9244.19","6308.54","8719.49","4571.61","87929"
"477","AAPL","Amazon.com","8/8/2019","7461.98","9531.13","4526.38","3536.6","33347"
"478","AAPL","Inc.","8/11/2018","8798.15","779.82","6883.9","9079.53","53359"
"479","AMZN","Inc.","10/16/2016","9491.77","2354.55","7210.66","844.43","67592"
"480","FB","Facebook","5/6/2014","1852.6","8002.11","9374.36","4634.28","83403"
"481","AAPL","Google LLC","4/12/2010","7447.66","8091.56","4018.16","9416.56","9196"
"482","AAPL","Inc.","2/15/2015","9736.38","6961.54","1114.94","5084.85","58729"
"483","AMZN","Amazon.com","11/22/2015","4128.79","1770.97","7329.54","1282.14","14499"
"484","TSLA","Facebook","10/25/2011","2113.75","2057.28","2888.46","9044.53","87361"
"485","FB","Inc.","6/29/2014","2746.14","9455.85","1428.93","1289.11","71533"
"486","TSLA","Inc.","12/21/2011","251.64","7782.35","3769.65","3119.55","91581"
"487","GOOG","Facebook","10/31/2019","363.66","6924.2","3623.18","4937.18","52412"
"488","GOOG","Google LLC","10/1/2010","7002.71","8171.22","1015.48","4217.95","57345"
"489","AAPL","Inc.","7/26/2019","118.88","2455.19","6480.16","4773.29","1381"
"490","TSLA","Facebook","10/4/2019","910.14","8340.23","3882.52","459.85","81892"
"491","AAPL","Google LLC","5/11/2019","4521.74","7697.62","3636.77","3297.67","46233"
"492","AMZN","Inc.","2/27/2010","212.07","5821.91","8401.02","2496.18","75838"
"493","FB","Google LLC","7/30/2013","3974.08","8921.22","7057.1","8697.08","3554"
"494","FB","Google LLC","4/1/2015","4800.72","2610.45","1980.68","256.3","48905"
"495","GOOG","Apple Inc.","9/13/2010","9790.48","8816.46","1174.09","7150.08","34740"
"496","FB","Inc.","12/15/2014","6251.51","4559.91","3051.86","6096.65","31246"
"497","TSLA","Inc.","2/4/2019","8851.84","1229.23","596.03","7505.57","73040"
"498","AMZN","Apple Inc.","12/22/2017","8016.38","9952.72","6123.76","3032.26","29127"
"499","AMZN","Inc.","10/21/2019","8174.1","2549.77","3302.74","2105.09","24044"
"500","AAPL","Google LLC","11/11/2012","5706.13","6623.54","147.5","4027.92","63589"
"501","AAPL","Amazon.com","3/1/2019","1976.9","7922.13","3738.43","4704.09","12982"
"502","TSLA","Inc.","7/3/2021","5207.66","3698.35","9074.34","4389.84","38821"
"503","TSLA","Amazon.com","3/7/2010","2345.99","2372.03","5855.76","9701.72","64219"
"504","GOOG","Google LLC","1/1/2015","2499.18","6930.57","2395.47","3780.5","45156"
"505","TSLA","Tesla","9/24/2010","748.51","6222.68","2810.44","5326.03","25555"
"506","AAPL","Inc.","4/27/2012","2506.63","473.14","6633.5","1261.13","8496"
"507","TSLA","Inc.","12/19/2017","1343.57","638.34","5210.62","9639.27","70900"
"508","AAPL","Inc.","5/14/2019","5793.9","1002.96","9778.1","5427.62","12035"
"509","TSLA","Inc.","8/12/2019","7536.13","531.24","9042.95","4023.48","75953"
"510","AAPL","Google LLC","6/17/2015","9986.74","433.52","5848.65","8885.21","58639"
"511","AMZN","Apple Inc.","8/11/2018","5295.98","7328.08","3738.34","463.09","5774"
"512","AAPL","Inc.","5/13/2016","2086.75","2858.65","198.75","5500.36","48314"
"513","FB","Amazon.com","8/11/2019","1455.68","9480.82","5378.34","9706.4","66576"
"514","TSLA","Google LLC","12/9/2020","5615.18","2715.55","3647.92","8408.94","98752"
"515","FB","Inc.","6/5/2016","780.62","9854.4","1401.93","2172.05","16821"
"516","FB","Inc.","11/19/2012","1957.06","7529.46","326.65","3057.72","257"
"517","AAPL","Inc.","10/9/2014","7304.28","9822.14","7387.12","6044.23","71637"
"518","AAPL","Inc.","3/18/2011","8082.92","6515.34","2379.73","6973.67","13717"
"519","AAPL","Inc.","10/27/2013","9672.99","9247.24","7819.07","239.75","62828"
"520","GOOG","Apple Inc.","1/24/2017","5710.28","971.3","9104.28","8294.53","71395"
"521","AMZN","Facebook","9/22/2017","3269.46","7810.76","6541.62","7958.31","15235"
"522","TSLA","Amazon.com","5/31/2019","7551.61","6794.2","2506.06","5112.59","26571"
"523","AMZN","Google LLC","10/13/2016","3260.08","6036.65","9766.09","6836.51","90755"
"524","AMZN","Apple Inc.","6/6/2011","1718.56","2290.92","4406.46","511.71","95497"
"525","AMZN","Amazon.com","7/2/2015","9969.33","1263.43","8740.04","2461.31","14816"
"526","GOOG","Apple Inc.","2/23/2013","5050.21","8506.48","213.38","7436.78","74417"
"527","AMZN","Inc.","11/30/2011","1869.35","4487.33","5919.57","4282.5","17794"
"528","FB","Apple Inc.","6/1/2019","1239.52","4806.32","3905.24","2877.96","32233"
"529","GOOG","Google LLC","9/22/2019","1258.45","934.95","3526.28","7405.46","18979"
"530","AMZN","Amazon.com","6/11/2018","9685.95","9047.67","5918.88","3785.23","8391"
"531","GOOG","Inc.","1/25/2013","2305.68","1611.93","1410.79","7456.83","41879"
"532","FB","Facebook","2/14/2021","6117.34","6800.82","2275.9","7783.63","78830"
"533","AAPL","Google LLC","9/26/2019","1178.25","9498.1","3401.73","5353.52","73737"
"534","AAPL","Tesla","5/9/2021","1271.07","9729.2","6440.01","4458.07","72212"
"535","AMZN","Inc.","11/27/2010","6879.06","789.75","6593.83","1692.57","18836"
"536","FB","Inc.","6/21/2019","4679.95","9598.56","7620.22","446.44","97085"
"537","TSLA","Amazon.com","7/1/2012","7045.4","2400.91","6719.12","8219.87","47955"
"538","AMZN","Google LLC","7/5/2019","5043.29","3546.86","5462.96","5794.58","61493"
"539","GOOG","Apple Inc.","6/26/2016","299.86","2121.2","3156.05","4786.1","11835"
"540","FB","Apple Inc.","1/4/2014","887.54","9797.09","668.21","7629.4","13182"
"541","AAPL","Inc.","8/6/2017","3732.42","1919.2","1045.83","2601.68","92722"
"542","FB","Inc.","1/18/2010","9168.55","850.17","8723.07","2664.0","8106"
"543","FB","Amazon.com","5/21/2011","130.87","8022.17","8718.33","5426.1","78938"
"544","TSLA","Inc.","9/28/2014","3877.12","9293.45","7758.27","9927.74","59722"
"545","AAPL","Inc.","3/8/2019","1714.9","6311.7","8806.04","4362.22","45161"
"546","AAPL","Inc.","7/11/2012","3163.92","1896.54","5216.38","9777.41","32759"
"547","FB","Tesla","2/10/2010","7609.22","2080.42","5245.6","2853.72","81959"
"548","AMZN","Amazon.com","10/25/2016","8116.23","8682.49","2694.55","353.88","42981"
"549","AAPL","Inc.","7/5/2017","4207.23","4560.01","154.98","2100.39","33348"
"550","AMZN","Amazon.com","2/7/2021","1100.25","7399.86","1770.44","236.61","52573"
"551","GOOG","Tesla","2/17/2020","5775.36","2006.74","5553.18","5343.31","31255"
"552","AAPL","Inc.","11/24/2021","9297.11","379.12","7268.93","3617.28","69503"
"553","FB","Inc.","11/12/2017","4061.44","659.85","3368.4","426.21","7342"
"554","AAPL","Tesla","1/20/2017","4538.6","3201.33","9137.37","753.09","73060"
"555","GOOG","Inc.","2/28/2015","3674.97","4490.59","9669.35","788.75","11969"
"556","AMZN","Google LLC","6/7/2020","2423.1","1569.39","4880.59","6987.56","32279"
"557","GOOG","Tesla","10/26/2016","8215.99","9039.35","9944.52","6308.18","69138"
"558","AAPL","Inc.","7/18/2019","2432.93","4925.58","7092.63","9758.02","385"
"559","AMZN","Inc.","9/29/2017","6322.95","9158.52","8317.66","9351.73","71531"
"560","TSLA","Apple Inc.","4/8/2015","3269.38","4090.01","127.93","6251.18","16348"
"561","AAPL","Apple Inc.","2/15/2011","6678.74","2806.76","2294.6","2371.23","83847"
"562","AAPL","Facebook","5/4/2019","4061.19","2934.49","1804.91","4782.13","32881"
"563","AAPL","Inc.","6/9/2010","1790.47","4802.27","5634.85","9142.29","15916"
"564","AMZN","Inc.","3/9/2013","1675.62","2266.4","7230.08","4706.11","79091"
"565","AMZN","Google LLC","7/1/2018","6488.02","2667.82","2994.6","8742.57","74606"
"566","FB","Inc.","5/22/2018","9686.24","9881.54","9196.54","7050.8","87418"
"567","FB","Amazon.com","3/5/2010","105.11","6780.87","1748.49","8891.12","90135"
"568","FB","Inc.","7/22/2011","8398.09","25.74","4912.4","7765.01","21805"
"569","AMZN","Facebook","1/7/2014","6754.05","4195.99","2230.31","6348.2","63068"
"570","AAPL","Tesla","9/7/2010","6069.69","8227.6","7205.24","1793.29","9991"
"571","GOOG","Google LLC","11/25/2018","8392.45","9769.19","920.62","1389.82","98731"
"572","TSLA","Facebook","8/7/2020","9412.37","1101.3","7433.7","2748.94","73116"
"573","TSLA","Inc.","7/15/2013","5734.85","3018.76","7330.72","5807.18","36775"
"574","GOOG","Inc.","7/2/2010","2974.55","8058.5","8266.64","6266.79","99877"
"575","FB","Inc.","5/29/2011","8993.84","6529.93","7602.69","7032.05","52582"
"576","FB","Inc.","7/30/2013","3081.23","5924.41","7936.64","52.25","54442"
"577","AAPL","Inc.","8/17/2013","5313.86","3570.53","7834.4","2539.52","29208"
"578","FB","Tesla","3/28/2010","1337.52","398.63","7178.1","6098.95","32070"
"579","AAPL","Apple Inc.","3/28/2017","5780.33","3512.24","6192.39","6875.32","60601"
"580","FB","Facebook","4/30/2019","4805.11","514.04","3127.48","5947.72","2791"
"581","FB","Inc.","12/13/2011","2325.21","2835.05","8054.64","4623.17","90"
"582","AAPL","Inc.","10/12/2021","773.88","9569.94","6371.9","954.99","60391"
"583","FB","Inc.","8/4/2015","4784.7","2040.92","7513.79","2825.11","78759"
"584","AAPL","Apple Inc.","5/23/2020","9131.75","4706.21","4435.21","1079.35","60696"
"585","GOOG","Facebook","10/21/2012","9411.28","2760.03","2108.27","9083.27","60830"
"586","AAPL","Facebook","1/24/2011","8139.96","6290.68","5086.38","5362.87","19114"
"587","TSLA","Tesla","4/13/2015","7853.42","4375.62","9758.56","3459.33","37230"
"588","FB","Google LLC","2/26/2021","570.77","6.13","7736.92","5948.14","14947"
"589","TSLA","Tesla","4/12/2016","1240.24","8248.11","9376.97","1201.79","78190"
"590","AAPL","Google LLC","8/15/2015","3465.96","9593.25","1798.7","4344.4","73685"
"591","AMZN","Google LLC","6/2/2015","2855.39","9281.6","6761.68","443.9","49260"
"592","AMZN","Tesla","10/19/2015","7686.81","2450.36","9752.28","5812.05","45511"
"593","FB","Facebook","10/17/2014","4053.83","1496.97","8271.58","2940.11","51962"
"594","AMZN","Facebook","9/25/2011","4915.7","359.59","7314.61","5541.49","74086"
"595","FB","Inc.","1/15/2011","9794.08","5481.74","2801.95","2317.88","69493"
"596","AMZN","Apple Inc.","1/28/2017","781.25","2481.78","6640.54","6855.07","88457"
"597","TSLA","Facebook","12/25/2013","708.61","2432.07","2526.48","3867.8","99828"
"598","FB","Inc.","8/24/2021","2983.6","7998.37","7515.56","1295.33","94940"
"599","FB","Tesla","9/21/2012","6379.95","5253.08","5253.03","3558.24","97544"
"600","FB","Tesla","9/11/2017","6892.02","3955.96","3736.3","4345.27","3195"
"601","FB","Tesla","6/13/2017","6974.47","700.47","1874.45","1056.75","55123"
"602","GOOG","Inc.","10/12/2014","1581.67","7779.24","7444.59","6163.7","70689"
"603","GOOG","Google LLC","4/16/2017","2861.74","5625.05","8755.84","8569.41","85789"
"604","AAPL","Amazon.com","12/21/2019","2062.17","8331.8","847.69","5848.01","820"
"605","AMZN","Inc.","6/13/2013","539.74","5379.79","3591.73","537.59","4789"
"606","TSLA","Inc.","5/2/2014","9689.79","57.28","7957.35","2818.27","36797"
"607","FB","Inc.","4/26/2016","6068.52","9467.45","9875.93","5153.23","72528"
"608","TSLA","Google LLC","2/22/2019","4950.96","3943.06","6942.09","6501.12","34452"
"609","GOOG","Inc.","9/22/2021","9262.34","2453.33","4257.33","3093.41","64142"
"610","AMZN","Apple Inc.","5/12/2012","7728.99","4034.21","4264.63","6423.96","8075"
"611","TSLA","Inc.","2/18/2016","8416.56","8453.17","6752.61","7164.01","43485"
"612","AAPL","Facebook","5/24/2016","5918.19","5104.0","5814.37","9133.73","69320"
"613","FB","Inc.","6/23/2012","9127.79","3862.88","6677.01","2372.62","68097"
"614","GOOG","Tesla","8/7/2021","4036.9","6246.99","6017.12","9973.79","37731"
"615","AAPL","Inc.","5/22/2013","838.73","5516.91","6045.54","6608.6","2301"
"616","TSLA","Amazon.com","5/23/2018","4975.56","1088.07","1010.22","329.71","96289"
"617","AMZN","Google LLC","7/3/2013","4722.3","2518.77","8738.5","5445.2","97507"
"618","TSLA","Apple Inc.","12/20/2015","6818.64","6827.18","9876.78","8844.74","11327"
"619","AMZN","Apple Inc.","2/8/2018","9502.91","9543.14","7457.53","8558.46","92252"
"620","FB","Inc.","5/31/2013","5794.66","1636.8","4084.71","723.5","90829"
"621","GOOG","Google LLC","2/11/2014","6481.02","7402.88","8280.66","3124.49","7729"
"622","AAPL","Inc.","8/31/2021","1846.06","1692.81","9477.5","5676.18","12413"
"623","GOOG","Amazon.com","9/29/2020","1853.76","5996.58","512.16","5657.87","15223"
"624","GOOG","Apple Inc.","4/11/2017","9492.99","9167.03","2124.87","2981.05","21447"
"625","TSLA","Tesla","6/26/2020","2999.84","1576.82","3550.84","6253.9","425"
"626","GOOG","Apple Inc.","2/7/2018","4518.59","8127.14","7188.85","9230.98","95106"
"627","GOOG","Apple Inc.","5/23/2017","2954.98","5158.0","7750.86","6928.26","65903"
"628","AAPL","Google LLC","6/29/2021","4289.91","6791.42","5429.92","4825.71","18242"
"629","AMZN","Inc.","10/6/2011","4820.65","6096.29","6104.68","7363.05","41516"
"630","TSLA","Tesla","7/25/2021","619.21","1428.87","4895.46","4050.53","24412"
"631","FB","Google LLC","3/28/2012","5623.15","1785.54","5475.69","8980.96","86320"
"632","TSLA","Inc.","7/11/2015","2537.89","266.37","1306.7","5168.51","50101"
"633","GOOG","Inc.","9/2/2011","6766.59","2873.17","1195.5","7616.41","73136"
"634","GOOG","Facebook","1/27/2011","5006.5","5079.26","6213.19","4778.61","66244"
"635","AAPL","Amazon.com","1/12/2019","6137.05","9869.13","1115.16","9727.03","61613"
"636","GOOG","Inc.","4/2/2010","4550.13","1634.54","4046.57","4918.2","11819"
"637","GOOG","Inc.","2/8/2019","8792.84","1390.03","446.91","762.98","68861"
"638","TSLA","Inc.","3/20/2017","2633.5","9451.37","4151.99","4435.52","77019"
"639","GOOG","Apple Inc.","7/13/2015","5063.12","2967.18","362.21","7887.95","21035"
"640","AMZN","Facebook","2/16/2012","3940.34","3144.0","130.4","4823.28","98992"
"641","AMZN","Apple Inc.","7/16/2020","4597.16","1849.49","2559.13","6219.01","23750"
"642","AAPL","Inc.","1/29/2015","7195.71","8156.0","7064.26","1515.98","62771"
"643","GOOG","Amazon.com","7/11/2019","2218.02","9488.37","9770.98","1370.93","87837"
"644","GOOG","Amazon.com","8/1/2011","3417.67","2362.87","4530.08","7665.92","40358"
"645","AMZN","Inc.","4/21/2012","3250.82","5645.8","5723.45","8656.79","55819"
"646","TSLA","Tesla","12/8/2011","9198.51","4841.69","7706.48","3429.06","23426"
"647","TSLA","Tesla","8/11/2010","1088.07","9451.73","1044.6","4602.34","71523"
"648","FB","Google LLC","1/30/2012","5716.62","838.87","6488.7","58.02","24391"
"649","AMZN","Inc.","6/28/2020","1273.73","5925.35","4972.55","9963.98","25238"
"650","GOOG","Inc.","4/5/2017","3340.81","6425.67","8737.55","1552.0","25641"
"651","FB","Google LLC","7/15/2017","1728.63","6355.63","8200.82","7499.26","89075"
"652","AMZN","Inc.","7/12/2016","8449.25","3082.32","6724.97","3778.39","83594"
"653","TSLA","Apple Inc.","2/3/2021","5113.65","149.43","9647.95","5917.19","4004"
"654","GOOG","Inc.","8/9/2020","4197.94","3929.68","3610.78","993.8","75807"
"655","GOOG","Google LLC","3/26/2015","6690.98","1339.14","3858.41","5537.39","2495"
"656","AAPL","Inc.","1/20/2020","1944.85","3457.75","1511.82","8177.27","52807"
"657","AMZN","Inc.","4/3/2011","1998.58","6104.32","4902.33","714.21","84113"
"658","GOOG","Inc.","12/16/2015","3855.13","8818.78","1529.18","8210.78","19865"
"659","TSLA","Apple Inc.","1/9/2014","211.49","8469.74","807.08","6250.45","46133"
"660","AAPL","Inc.","4/25/2021","7784.13","6681.05","3077.87","3629.52","54703"
"661","AMZN","Inc.","8/31/2020","7324.65","532.05","2510.56","7799.36","67461"
"662","AAPL","Inc.","7/23/2013","7353.24","7112.67","2047.69","7365.66","52361"
"663","AMZN","Apple Inc.","9/7/2011","3560.39","7863.62","1858.2","6795.7","26275"
"664","GOOG","Google LLC","5/30/2018","7521.69","428.14","5901.47","8380.92","1855"
"665","AMZN","Inc.","1/31/2010","3227.56","6360.13","8846.22","9888.03","16132"
"666","AMZN","Tesla","7/2/2012","1579.34","8710.82","8168.54","7113.87","16867"
"667","FB","Google LLC","8/30/2016","1396.13","2332.62","800.35","5028.57","86922"
"668","FB","Inc.","3/10/2018","5846.59","505.46","1865.2","7656.3","73003"
"669","AMZN","Tesla","11/20/2018","8690.47","1680.59","2192.01","7231.47","21100"
"670","GOOG","Apple Inc.","7/9/2019","8764.82","7403.71","8007.05","6696.94","89906"
"671","TSLA","Inc.","9/26/2012","7002.92","7939.16","9196.47","2184.34","92154"
"672","GOOG","Inc.","6/1/2010","2747.61","4794.56","893.69","2541.09","32360"
"673","AAPL","Inc.","5/15/2011","1775.13","410.33","3156.55","2085.57","73213"
"674","FB","Apple Inc.","10/24/2016","9029.85","3639.66","3834.32","1166.51","67844"
"675","TSLA","Inc.","5/8/2010","1805.24","358.2","8764.41","8123.06","50723"
"676","AMZN","Inc.","8/27/2012","783.94","5821.74","9144.24","813.27","17769"
"677","AAPL","Tesla","8/8/2019","9682.97","1537.09","2067.26","534.67","89653"
"678","AAPL","Inc.","5/11/2013","8103.92","4289.22","8576.4","6359.5","22396"
"679","FB","Apple Inc.","11/6/2017","3305.66","8281.84","753.43","4266.02","17958"
"680","AMZN","Apple Inc.","10/13/2018","1871.55","9332.24","4630.87","8333.94","74142"
"681","GOOG","Apple Inc.","6/21/2018","4379.06","2557.28","3084.07","7097.17","67159"
"682","AMZN","Google LLC","3/6/2018","6725.35","9380.87","3018.64","3060.03","28506"
"683","AAPL","Apple Inc.","9/15/2017","1650.23","9181.85","388.88","6312.03","85564"
"684","GOOG","Google LLC","3/3/2011","2595.83","5931.11","786.25","9734.15","68785"
"685","TSLA","Amazon.com","4/17/2019","705.13","736.04","3153.37","5813.78","51612"
"686","TSLA","Facebook","10/15/2012","4010.42","1936.91","8699.24","3179.77","34252"
"687","AMZN","Inc.","7/22/2012","7120.91","7231.86","8194.85","3670.71","76357"
"688","AAPL","Inc.","8/6/2010","6322.83","1348.77","70.03","4090.36","95790"
"689","TSLA","Facebook","5/7/2015","1583.93","569.74","5035.13","576.49","74468"
"690","AMZN","Inc.","10/19/2019","6838.58","9902.69","2383.15","3734.55","76922"
"691","GOOG","Inc.","9/2/2018","664.82","1887.5","1232.99","1558.99","73943"
"692","AAPL","Inc.","6/26/2017","3935.96","9843.54","1081.74","1740.1","64958"
"693","FB","Apple Inc.","5/9/2011","9151.98","4387.84","2401.9","9979.19","33879"
"694","GOOG","Inc.","8/3/2010","1173.96","2833.87","4769.88","5652.4","72857"
"695","TSLA","Amazon.com","12/5/2011","8890.76","2565.71","9111.03","7030.48","32442"
"696","FB","Amazon.com","6/29/2015","320.01","5097.01","6575.34","4981.34","65175"
"697","AAPL","Google LLC","3/11/2012","2425.41","1210.21","5301.03","1955.54","80771"
"698","AAPL","Inc.","1/31/2011","8072.26","2949.75","4238.17","8422.75","50480"
"699","GOOG","Tesla","8/31/2012","6612.15","5934.1","2597.12","1865.9","1453"
"700","TSLA","Inc.","7/7/2019","7203.25","8758.6","3436.5","2717.73","73786"
"701","FB","Inc.","2/12/2014","1278.7","8565.11","7269.61","5726.94","29466"
"702","AMZN","Amazon.com","1/6/2012","8695.81","6279.74","9170.42","3268.02","72553"
"703","TSLA","Inc.","11/24/2016","7329.61","1900.34","8308.55","1875.97","19486"
"704","AMZN","Google LLC","5/19/2014","4746.61","9552.6","2080.06","7318.76","54972"
"705","AMZN","Amazon.com","7/12/2010","8592.36","1282.39","1363.7","3082.4","62424"
"706","GOOG","Tesla","10/22/2017","9969.52","2129.7","7363.94","8531.0","42985"
"707","AAPL","Apple Inc.","4/19/2016","2558.51","734.43","263.93","3613.25","3214"
"708","TSLA","Tesla","9/22/2014","4474.93","3268.03","1281.9","411.55","82537"
"709","AMZN","Google LLC","11/12/2018","9053.92","3628.06","8122.74","3863.68","50999"
"710","GOOG","Google LLC","5/5/2020","7340.58","3147.72","7649.98","1030.9","76533"
"711","GOOG","Facebook","1/4/2015","470.92","6219.83","2616.12","9488.11","75234"
"712","GOOG","Inc.","3/13/2013","5364.57","2479.09","3588.86","7989.97","91550"
"713","AAPL","Inc.","12/1/2014","7172.62","6383.81","4011.43","5615.68","65408"
"714","GOOG","Amazon.com","10/12/2017","4160.3","4121.35","4466.95","7485.32","53986"
"715","AMZN","Inc.","7/29/2018","4823.84","1779.92","3306.03","9381.58","46579"
"716","GOOG","Inc.","5/14/2012","8980.27","365.36","1231.89","888.17","46130"
"717","GOOG","Facebook","8/13/2021","8483.93","6770.37","7281.45","3509.94","54306"
"718","GOOG","Apple Inc.","4/6/2018","3102.29","1658.07","4762.65","6098.83","77118"
"719","TSLA","Inc.","7/20/2015","9916.06","8689.64","1717.95","6908.22","12673"
"720","TSLA","Inc.","3/14/2010","5071.96","7093.35","934.3","2254.49","79733"
"721","FB","Tesla","10/20/2021","3390.73","8130.87","9283.07","9647.3","57995"
"722","FB","Google LLC","11/3/2017","7708.84","3929.58","8761.08","9658.89","41707"
"723","GOOG","Inc.","10/25/2010","9674.89","5741.98","674.6","1846.05","24358"
"724","AMZN","Amazon.com","3/21/2012","5124.72","105.57","9891.17","2114.76","59123"
"725","FB","Amazon.com","5/10/2014","6313.5","2680.26","5579.93","416.01","23699"
"726","AMZN","Google LLC","5/7/2020","8070.39","7831.28","7060.0","5699.18","89875"
"727","AAPL","Facebook","7/30/2015","5864.6","8220.61","1622.67","374.84","53092"
"728","GOOG","Facebook","10/1/2011","4610.29","4107.38","6253.48","3919.92","15924"
"729","AMZN","Inc.","9/28/2014","3209.51","360.17","8401.91","9007.57","82196"
"730","AAPL","Google LLC","4/13/2017","8342.87","4846.46","2292.38","7167.55","81702"
"731","FB","Facebook","11/19/2019","1933.47","4057.79","1659.12","4098.08","45575"
"732","FB","Inc.","9/12/2019","4830.28","8748.17","6149.49","9675.09","82280"
"733","TSLA","Inc.","4/18/2012","7182.05","8586.67","2885.63","8290.98","90714"
"734","TSLA","Inc.","8/28/2017","5040.11","4632.36","8065.48","2079.63","74768"
"735","GOOG","Facebook","6/3/2018","293.55","4006.09","1569.2","612.33","920"
"736","AMZN","Inc.","4/12/2020","9630.38","2350.39","2529.68","8224.96","75706"
"737","AAPL","Apple Inc.","1/29/2017","4978.32","6967.56","2314.65","8915.71","54058"
"738","AAPL","Amazon.com","12/25/2012","3964.04","499.26","589.04","7001.12","24500"
"739","AAPL","Tesla","11/25/2014","549.76","9793.96","6711.04","6101.4","32483"
"740","GOOG","Tesla","1/22/2012","9174.35","6515.95","2411.26","6624.44","12619"
"741","GOOG","Inc.","9/3/2020","330.49","6186.02","5655.47","3932.22","7061"
"742","AAPL","Apple Inc.","3/13/2019","4584.46","5116.58","4215.96","591.81","72863"
"743","FB","Amazon.com","9/5/2018","2697.57","8693.63","9873.42","546.04","2179"
"744","AMZN","Inc.","9/20/2021","380.76","4476.59","359.02","6301.6","15228"
"745","FB","Inc.","10/1/2021","3378.03","5921.8","138.45","6503.03","25013"
"746","AMZN","Google LLC","3/5/2013","1568.21","3901.45","2356.76","4800.68","54588"
"747","TSLA","Google LLC","1/1/2020","4860.78","3916.93","8733.64","7835.78","63369"
"748","AMZN","Inc.","1/21/2012","9870.14","5538.22","2145.5","1056.29","63688"
"749","FB","Google LLC","10/4/2014","4779.75","3551.81","8212.94","3717.32","10769"
"750","AMZN","Facebook","11/15/2015","3593.07","4235.17","499.8","349.65","9480"
"751","TSLA","Google LLC","12/27/2016","3501.75","1162.54","4417.09","6912.16","94076"
"752","FB","Inc.","7/8/2013","5990.94","4385.25","4883.04","460.33","30951"
"753","FB","Inc.","12/5/2014","8957.91","4911.49","3019.02","9140.29","70697"
"754","AAPL","Apple Inc.","2/25/2010","3999.31","808.49","9642.9","8018.45","87847"
"755","FB","Inc.","1/17/2014","5645.05","356.3","8692.26","2158.12","68262"
"756","AMZN","Tesla","12/25/2016","3044.15","2971.45","6172.01","9513.74","12990"
"757","GOOG","Inc.","2/21/2016","5191.47","4776.62","1252.64","2393.3","95103"
"758","FB","Inc.","4/16/2017","7508.47","5118.9","3927.73","8578.37","6270"
"759","GOOG","Facebook","7/25/2018","1769.49","3246.97","6296.7","2814.71","28253"
"760","TSLA","Inc.","12/31/2020","4752.22","4187.7","7292.05","6089.42","93084"
"761","AAPL","Inc.","3/14/2014","6407.82","570.83","7181.17","506.66","61248"
"762","AAPL","Inc.","3/27/2013","4486.3","8504.63","1000.16","1151.32","62634"
"763","AAPL","Tesla","3/5/2020","8191.35","3852.59","2822.8","3894.07","50078"
"764","AMZN","Inc.","5/13/2011","5050.13","3682.76","8671.93","4030.17","18949"
"765","TSLA","Inc.","10/4/2019","1599.59","4208.09","7478.02","218.33","13082"
"766","AMZN","Inc.","5/31/2017","5234.11","4070.39","8427.93","9581.27","15447"
"767","TSLA","Apple Inc.","7/13/2011","9795.58","7204.47","1184.81","7980.25","81946"
"768","AMZN","Apple Inc.","10/26/2011","961.11","8748.11","9032.29","5081.97","39874"
"769","GOOG","Facebook","1/23/2011","4305.79","5867.02","4198.86","7830.35","15750"
"770","AMZN","Amazon.com","3/5/2017","1233.62","5607.43","8024.5","3272.0","49759"
"771","GOOG","Inc.","4/5/2015","8736.61","5201.87","1328.45","537.42","10714"
"772","AMZN","Amazon.com","9/7/2020","1635.84","8636.44","6913.5","8587.11","29471"
"773","AAPL","Inc.","10/29/2017","5071.54","4291.38","265.25","8698.84","47807"
"774","TSLA","Facebook","1/8/2011","2550.73","7238.2","9251.19","4814.95","25552"
"775","AMZN","Amazon.com","3/1/2011","8410.67","9483.17","4964.49","1649.2","88743"
"776","TSLA","Facebook","11/1/2018","7849.48","7570.2","9029.44","3136.86","26644"
"777","FB","Apple Inc.","3/14/2018","9078.33","1894.12","1625.68","5689.73","31366"
"778","AAPL","Google LLC","10/14/2015","3504.02","18.25","1740.72","220.38","13685"
"779","FB","Inc.","1/10/2011","3295.43","107.15","6764.17","5168.91","9948"
"780","AMZN","Amazon.com","10/11/2013","3346.37","9017.79","5837.68","6808.93","95616"
"781","FB","Apple Inc.","11/29/2013","120.69","4555.92","9597.41","6061.46","58567"
"782","FB","Apple Inc.","11/12/2015","556.93","7146.5","6376.18","6894.99","99989"
"783","GOOG","Inc.","4/8/2014","8399.65","6937.99","2528.8","8998.03","76295"
"784","GOOG","Google LLC","5/26/2011","680.42","5539.77","3134.19","8090.95","47296"
"785","AAPL","Facebook","12/13/2017","646.91","2640.71","3879.92","6005.97","92193"
"786","FB","Apple Inc.","6/27/2011","6005.94","7585.88","9095.2","8011.78","63522"
"787","FB","Amazon.com","8/8/2016","1491.01","4219.97","3267.3","3041.78","46755"
"788","GOOG","Inc.","7/18/2016","9310.24","6545.42","2160.1","5957.56","45790"
"789","AMZN","Facebook","10/31/2011","1771.21","1405.93","6079.97","9427.87","19578"
"790","GOOG","Inc.","1/29/2012","2127.35","3440.15","1387.15","141.03","36725"
"791","TSLA","Inc.","9/22/2014","1081.45","2276.09","3789.43","393.45","11570"
"792","GOOG","Inc.","12/10/2018","1243.44","443.83","4935.12","3167.68","91192"
"793","TSLA","Facebook","2/25/2011","6493.98","9728.88","9717.61","1378.43","25925"
"794","GOOG","Inc.","5/27/2016","3806.85","9206.24","4806.92","226.53","6583"
"795","FB","Inc.","9/16/2012","5628.08","8359.22","1780.75","4701.86","80800"
"796","AAPL","Inc.","12/15/2011","2881.4","6284.9","3666.0","1283.51","39292"
"797","AAPL","Amazon.com","5/11/2018","9417.39","8000.76","4112.6","1181.79","60000"
"798","AMZN","Inc.","4/5/2019","3731.21","7698.49","5319.77","6632.6","92632"
"799","AMZN","Tesla","9/10/2017","8845.52","9994.83","5778.5","7211.12","6292"
"800","GOOG","Facebook","11/19/2017","8504.57","3897.21","9558.22","6769.14","47036"
"801","FB","Inc.","8/29/2018","7583.5","5386.09","821.06","2597.61","60071"
"802","AAPL","Tesla","4/19/2018","7229.02","1938.13","9264.31","399.04","63927"
"803","FB","Inc.","11/10/2011","5245.81","6052.33","1858.58","8311.18","83162"
"804","FB","Apple Inc.","6/4/2011","5262.64","3843.76","3302.39","5629.93","55688"
"805","AAPL","Inc.","2/1/2013","2777.88","1711.71","5661.92","7623.13","59211"
"806","GOOG","Apple Inc.","1/29/2012","7140.92","8465.01","2484.45","5701.29","92298"
"807","FB","Facebook","8/18/2013","2092.99","8241.02","4194.73","1430.0","99464"
"808","TSLA","Inc.","2/25/2020","118.15","1838.08","8445.21","2469.26","99871"
"809","TSLA","Google LLC","7/4/2014","3246.08","7105.68","2678.46","1597.46","40996"
"810","FB","Facebook","3/30/2019","1822.54","4307.28","3108.37","8462.88","79522"
"811","AAPL","Inc.","5/22/2014","7780.73","2483.77","586.13","7269.62","32682"
"812","FB","Inc.","4/16/2010","1781.73","1434.23","1991.3","1517.9","34505"
"813","GOOG","Inc.","1/13/2017","7197.14","2438.29","130.8","8624.89","13359"
"814","AAPL","Inc.","1/31/2012","2689.94","5151.35","1885.2","2747.65","37470"
"815","FB","Facebook","7/29/2013","6012.1","483.48","8373.76","4309.45","63245"
"816","TSLA","Facebook","12/21/2016","79.91","7393.15","4932.51","1359.32","98906"
"817","AMZN","Tesla","2/7/2019","9517.26","3668.44","1904.43","5167.98","57606"
"818","AMZN","Apple Inc.","11/23/2012","2905.99","436.38","6299.69","2016.24","40863"
"819","FB","Amazon.com","8/26/2012","8240.24","557.08","7140.16","9754.88","13705"
"820","AAPL","Facebook","8/21/2012","7848.01","2494.33","2389.0","3716.47","83257"
"821","GOOG","Apple Inc.","9/22/2015","4019.08","5882.98","7325.39","1012.42","64588"
"822","GOOG","Tesla","4/12/2021","4346.15","7885.82","5363.37","955.01","52257"
"823","FB","Inc.","10/6/2010","2144.56","6291.04","7009.68","3361.87","42354"
"824","AMZN","Tesla","9/4/2011","5993.13","4662.91","5209.84","9129.38","76744"
"825","TSLA","Apple Inc.","10/14/2018","4458.22","1217.62","282.51","3482.79","48925"
"826","AAPL","Inc.","12/7/2010","2258.52","6842.98","1805.13","1063.11","51772"
"827","FB","Apple Inc.","1/19/2018","6988.09","1021.79","4616.48","9533.46","59869"
"828","TSLA","Apple Inc.","7/16/2014","6426.67","4330.36","9419.56","8254.02","35997"
"829","FB","Amazon.com","12/27/2015","1398.82","8769.79","274.31","368.34","53630"
"830","AAPL","Google LLC","8/15/2014","3582.15","1511.93","6046.39","5987.83","32916"
"831","FB","Facebook","11/21/2019","8425.78","1331.15","929.65","2769.01","69528"
"832","AMZN","Inc.","1/3/2021","7900.92","6867.79","3142.6","2503.67","82314"
"833","AAPL","Tesla","8/20/2017","5182.67","5813.81","9951.8","6557.13","28807"
"834","FB","Facebook","3/14/2017","6749.43","9114.12","6248.83","9020.87","18766"
"835","FB","Inc.","9/26/2019","7893.51","447.61","7984.98","8783.61","17722"
"836","FB","Tesla","9/6/2018","9484.56","3866.18","7691.39","3279.45","42316"
"837","TSLA","Apple Inc.","12/2/2021","2508.08","6565.32","6446.71","8816.41","49047"
"838","AMZN","Inc.","3/25/2014","4210.61","8449.0","8947.84","1098.11","93253"
"839","TSLA","Facebook","11/17/2010","4698.05","2049.24","3235.93","3356.59","22568"
"840","GOOG","Inc.","9/29/2020","6651.21","1146.9","6182.61","6889.89","27523"
"841","GOOG","Inc.","2/6/2011","9330.99","7026.7","3258.12","3269.36","65179"
"842","AAPL","Inc.","8/23/2013","4985.5","9132.07","8066.88","4901.33","88016"
"843","TSLA","Amazon.com","5/6/2012","834.68","6775.87","2017.51","6217.1","50055"
"844","AMZN","Inc.","6/15/2016","1526.94","440.79","709.75","1094.08","94013"
"845","AAPL","Inc.","8/20/2018","7867.61","1136.73","3529.1","7609.03","92519"
"846","GOOG","Inc.","10/1/2012","7706.68","693.87","5029.43","865.78","19124"
"847","TSLA","Inc.","3/11/2013","294.25","5706.39","2760.17","9878.4","67262"
"848","GOOG","Tesla","9/12/2018","54.58","1275.31","1002.33","5369.82","35491"
"849","TSLA","Inc.","4/11/2010","1566.02","7029.27","7232.35","6895.22","54423"
"850","AAPL","Apple Inc.","11/25/2010","3005.48","3900.65","6384.43","9489.57","29466"
"851","AMZN","Facebook","7/10/2019","5000.74","7966.8","7885.33","8042.44","87785"
"852","TSLA","Inc.","11/5/2012","5062.89","8372.29","8099.56","4941.71","91678"
"853","AMZN","Apple Inc.","10/9/2019","8509.51","5209.92","2867.52","2117.59","49024"
"854","FB","Inc.","9/25/2019","4087.95","7794.32","5618.87","3738.49","5529"
"855","AAPL","Amazon.com","7/19/2014","5510.92","9614.9","7125.28","1451.79","29287"
"856","AAPL","Amazon.com","9/12/2013","9893.44","2050.1","5139.07","9944.79","88265"
"857","GOOG","Amazon.com","3/14/2018","214.28","3140.24","5682.43","3321.21","83702"
"858","TSLA","Apple Inc.","10/17/2017","7741.38","3295.71","6773.08","9524.28","95412"
"859","AAPL","Apple Inc.","2/5/2012","5753.62","9001.02","5904.65","6947.27","51248"
"860","FB","Google LLC","1/27/2019","3291.04","3094.8","8449.27","5562.62","33891"
"861","AAPL","Inc.","2/10/2017","7222.31","4167.13","3740.74","3699.76","8042"
"862","GOOG","Amazon.com","2/19/2010","6705.31","6279.23","7653.61","5546.55","85246"
"863","TSLA","Inc.","11/21/2016","69.43","8246.28","9733.44","263.58","76598"
"864","AAPL","Apple Inc.","3/14/2010","9086.55","2450.41","2589.28","7809.09","36905"
"865","FB","Tesla","5/22/2018","590.5","3292.18","7720.98","6889.75","70288"
"866","FB","Inc.","12/19/2013","7969.62","6283.91","4635.61","5636.35","79269"
"867","FB","Google LLC","12/7/2012","2825.03","2357.17","7057.97","3524.32","11314"
"868","FB","Google LLC","11/21/2017","7030.23","6252.52","5752.59","5379.8","61192"
"869","AMZN","Google LLC","9/3/2011","8880.73","2678.68","552.77","7471.79","65830"
"870","FB","Apple Inc.","6/24/2010","4946.35","3322.88","4966.22","9717.45","99560"
"871","AMZN","Amazon.com","7/21/2013","2358.69","8257.59","7821.16","1490.64","41226"
"872","TSLA","Tesla","6/2/2018","6477.97","3667.41","6795.65","6438.79","30638"
"873","GOOG","Inc.","10/20/2014","7057.66","7444.26","3306.88","6982.63","48960"
"874","AMZN","Amazon.com","11/16/2013","6699.84","6245.6","3189.45","3952.84","94867"
"875","GOOG","Amazon.com","1/8/2016","8090.99","6397.16","6006.19","4913.34","25586"
"876","TSLA","Amazon.com","7/9/2016","960.58","8855.73","7699.08","4541.29","14380"
"877","FB","Inc.","4/16/2013","8866.53","545.06","1095.26","9453.83","47763"
"878","AAPL","Google LLC","8/23/2016","5355.73","448.1","5571.21","2698.66","63061"
"879","GOOG","Inc.","11/18/2020","5578.4","3978.8","2588.09","9183.13","26370"
"880","AAPL","Inc.","8/20/2017","6933.37","7858.35","7537.39","9964.5","5755"
"881","GOOG","Inc.","9/1/2020","3093.14","8186.63","4911.74","9336.55","26567"
"882","AMZN","Amazon.com","9/25/2020","2831.5","6011.11","5588.28","2813.22","83144"
"883","TSLA","Inc.","1/6/2012","5357.32","5010.09","1368.85","9914.05","19517"
"884","FB","Google LLC","11/9/2021","5604.69","9260.93","7498.06","8458.7","65002"
"885","GOOG","Inc.","2/19/2010","3811.06","5722.46","484.59","6716.26","94478"
"886","GOOG","Google LLC","5/29/2021","2787.96","1640.69","3356.21","6371.67","81575"
"887","AAPL","Google LLC","6/4/2015","4909.76","2353.91","6695.04","3616.22","48354"
"888","TSLA","Inc.","12/21/2017","4136.35","3695.27","3017.16","1551.28","2193"
"889","AMZN","Inc.","8/16/2011","4118.89","677.29","4711.83","9546.38","80021"
"890","GOOG","Google LLC","12/4/2010","4313.22","6701.59","9141.07","8946.55","18686"
"891","AMZN","Apple Inc.","10/21/2018","4771.33","8989.09","5720.44","6543.83","4685"
"892","AAPL","Inc.","1/10/2020","387.8","4898.38","5098.01","1713.29","34813"
"893","AAPL","Amazon.com","12/3/2010","2088.21","1132.31","7729.62","5774.11","64270"
"894","AMZN","Amazon.com","10/31/2019","4739.17","8501.6","6781.84","9496.64","27643"
"895","GOOG","Facebook","5/3/2016","6415.73","4255.22","2172.51","956.9","92485"
"896","TSLA","Inc.","11/8/2019","5678.87","3947.88","2147.76","9644.3","97570"
"897","AAPL","Inc.","5/3/2020","8260.92","1311.26","2222.69","1960.63","1762"
"898","AMZN","Inc.","6/8/2016","8622.25","6011.56","1460.43","9053.43","19646"
"899","TSLA","Inc.","3/18/2015","5303.1","4223.01","1057.4","2243.89","57245"
"900","AMZN","Inc.","7/9/2017","3930.65","3685.34","1246.37","3856.35","83121"
"901","TSLA","Inc.","10/16/2018","5470.92","7632.31","7046.03","9445.79","45970"
"902","GOOG","Inc.","7/23/2016","1698.7","4760.82","9568.78","4713.84","86736"
"903","TSLA","Apple Inc.","9/21/2020","4081.42","9352.47","537.84","2653.14","48965"
"904","GOOG","Inc.","5/1/2016","1625.55","1380.85","7008.9","743.38","93876"
"905","AAPL","Inc.","12/17/2019","9525.43","1166.38","70.82","3063.26","37258"
"906","AAPL","Inc.","11/7/2020","8612.75","2568.49","445.22","2514.85","14073"
"907","AAPL","Facebook","4/25/2012","1209.69","8873.44","2838.22","2750.28","12036"
"908","FB","Inc.","8/18/2014","4397.94","9693.58","4949.98","7253.14","68670"
"909","AMZN","Google LLC","10/7/2020","7866.99","7031.86","6021.5","4861.44","62720"
"910","GOOG","Tesla","11/27/2016","1783.94","5131.63","9372.39","6267.79","61359"
"911","AMZN","Apple Inc.","5/7/2016","7044.6","4222.78","9529.81","6444.22","6228"
"912","FB","Apple Inc.","3/13/2020","9341.09","5452.17","5064.62","4467.26","15749"
"913","FB","Apple Inc.","12/14/2014","4885.36","8988.8","897.99","6406.08","65917"
"914","FB","Inc.","8/4/2018","9815.84","3203.2","8370.66","8679.23","51532"
"915","AAPL","Inc.","3/26/2015","3256.78","4129.48","4517.34","1484.99","3029"
"916","FB","Google LLC","9/4/2020","2753.18","8991.96","5372.43","1309.84","77945"
"917","FB","Inc.","2/11/2011","1683.49","6576.45","4510.54","9988.58","5704"
"918","GOOG","Inc.","10/25/2015","2106.69","8105.62","4401.45","2393.16","7239"
"919","AAPL","Inc.","8/4/2010","8982.16","687.59","4651.73","1996.35","58727"
"920","TSLA","Facebook","4/24/2014","8692.63","4800.23","8363.28","5504.55","29540"
"921","AMZN","Facebook","9/18/2021","5260.81","5598.14","1214.04","5403.84","33882"
"922","AMZN","Inc.","2/21/2019","7129.47","7124.09","8810.96","5774.8","85381"
"923","TSLA","Inc.","2/12/2016","7744.72","503.88","3424.26","2640.27","55136"
"924","GOOG","Google LLC","4/24/2016","269.79","1637.99","4453.55","6706.45","23518"
"925","TSLA","Facebook","8/5/2017","4343.1","6057.41","2204.43","9376.9","97712"
"926","AAPL","Amazon.com","9/6/2010","2968.95","9834.59","7385.68","4688.66","30810"
"927","AMZN","Inc.","7/3/2020","1589.38","941.65","7107.9","2821.87","79680"
"928","TSLA","Inc.","5/5/2017","8756.53","3151.89","8217.89","1934.75","81693"
"929","FB","Inc.","11/30/2010","3396.14","1840.25","8427.34","3510.24","88364"
"930","GOOG","Apple Inc.","9/29/2014","7758.69","5578.27","366.11","4324.21","71625"
"931","AMZN","Google LLC","8/26/2019","9332.88","5041.7","4414.35","7008.77","17777"
"932","AMZN","Tesla","2/18/2019","870.29","6984.65","9552.35","3940.1","73524"
"933","AMZN","Facebook","10/13/2013","3809.59","9903.96","1843.58","8767.58","10093"
"934","AAPL","Google LLC","1/12/2013","6881.43","1523.95","6068.19","9711.0","63121"
"935","TSLA","Inc.","11/12/2010","6378.25","8087.6","8541.36","1736.19","2312"
"936","FB","Inc.","4/16/2021","7284.88","4792.77","4498.85","2840.27","93616"
"937","TSLA","Inc.","10/26/2012","6438.12","8871.18","5166.71","1468.27","16114"
"938","AMZN","Inc.","6/26/2016","2751.73","5097.22","7654.78","1089.44","76294"
"939","TSLA","Inc.","4/8/2010","3363.71","3503.99","653.65","445.73","78843"
"940","TSLA","Facebook","2/19/2015","9876.58","3464.7","6330.63","8760.11","68866"
"941","FB","Inc.","11/13/2019","2548.46","5377.18","1340.05","3924.41","41052"
"942","TSLA","Google LLC","2/11/2012","7840.92","8499.82","614.89","972.31","7234"
"943","AAPL","Google LLC","6/14/2016","687.55","7448.82","1619.16","278.62","49247"
"944","FB","Apple Inc.","3/15/2018","1744.48","5580.57","2442.37","4751.17","92702"
"945","AMZN","Apple Inc.","6/23/2015","4149.41","4045.31","9182.56","8844.16","83152"
"946","AAPL","Google LLC","6/30/2010","4497.93","5512.68","1397.88","519.79","90162"
"947","TSLA","Tesla","2/27/2014","165.05","5899.54","6579.82","6832.45","32461"
"948","AMZN","Google LLC","1/22/2013","8068.32","3099.55","5031.88","9182.87","66653"
"949","AMZN","Inc.","6/3/2012","5954.24","8770.24","9679.03","7108.74","20905"
"950","GOOG","Google LLC","1/1/2021","4976.21","632.88","5852.62","2872.01","77008"
"951","AMZN","Inc.","9/18/2013","2047.65","7233.38","4748.64","3664.1","43126"
"952","AAPL","Amazon.com","7/26/2011","2501.75","1073.04","6696.28","6274.77","7313"
"953","AAPL","Google LLC","5/23/2019","7601.77","4206.16","6639.37","8641.82","80657"
"954","AAPL","Inc.","6/11/2010","2379.47","1599.66","1391.4","5243.86","23921"
"955","AAPL","Inc.","9/25/2021","2149.1","9085.28","6646.21","7879.11","95862"
"956","AAPL","Apple Inc.","10/5/2019","5617.67","8984.99","5309.89","342.28","54442"
"957","AAPL","Inc.","4/20/2021","1765.98","6183.28","4665.18","3480.9","76089"
"958","TSLA","Tesla","3/16/2019","2530.63","3045.34","4658.42","6834.72","96758"
"959","AAPL","Inc.","6/23/2018","1286.55","3310.42","7797.6","4584.79","40427"
"960","AAPL","Inc.","2/6/2021","9020.7","6929.94","6915.57","8531.82","56071"
"961","AMZN","Inc.","6/29/2015","992.16","7215.95","6663.14","7642.0","11500"
"962","FB","Facebook","1/17/2015","4597.15","4885.28","2603.47","7481.62","26487"
"963","AMZN","Google LLC","9/20/2013","1895.23","2904.94","3964.98","5646.59","12206"
"964","FB","Tesla","2/6/2020","5990.16","6870.51","3494.98","6638.58","94734"
"965","GOOG","Inc.","8/6/2014","6748.01","5713.89","7611.03","8161.13","91344"
"966","GOOG","Amazon.com","4/20/2020","5453.7","3608.32","9341.55","4988.14","42267"
"967","AMZN","Inc.","2/25/2015","4650.09","6866.24","5131.08","8455.34","72115"
"968","AMZN","Google LLC","2/28/2014","109.18","7476.88","835.83","2963.34","67156"
"969","GOOG","Google LLC","7/26/2010","7534.33","3672.82","2971.81","4068.26","88687"
"970","FB","Inc.","5/1/2017","5329.32","5773.71","8514.74","9123.09","14021"
"971","FB","Amazon.com","2/15/2012","6632.01","8753.6","9435.9","9902.68","87045"
"972","FB","Amazon.com","8/10/2018","5440.13","9285.3","593.57","6995.88","78213"
"973","FB","Google LLC","8/27/2018","4440.21","1728.95","9497.26","6300.1","68573"
"974","GOOG","Inc.","5/22/2020","64.39","1376.69","8082.41","1918.82","68972"
"975","GOOG","Inc.","1/14/2020","545.3","7743.1","3217.92","7262.58","23523"
"976","TSLA","Tesla","10/31/2017","1178.12","1331.74","4340.29","8935.18","986"
"977","FB","Amazon.com","7/13/2010","9558.26","8316.4","1003.83","8835.72","27595"
"978","AMZN","Inc.","6/18/2021","4683.49","84.78","7495.6","1938.51","15794"
"979","TSLA","Apple Inc.","3/25/2015","4918.46","7135.94","1985.87","7778.88","90917"
"980","AAPL","Facebook","1/4/2014","761.3","7334.59","9603.39","839.17","86743"
"981","AAPL","Inc.","6/28/2018","2001.36","2756.54","9046.12","3204.33","72300"
"982","AAPL","Amazon.com","8/20/2015","8557.0","3897.15","4320.47","3339.2","49792"
"983","AAPL","Google LLC","12/10/2015","8820.37","3086.26","2267.62","1189.95","60172"
"984","GOOG","Google LLC","7/31/2015","1339.13","4865.79","4490.28","4456.77","80641"
"985","GOOG","Inc.","5/5/2012","5520.93","1965.07","8158.12","5205.34","14475"
"986","AAPL","Tesla","4/15/2014","6745.43","3895.97","3973.96","8759.12","37982"
"987","AAPL","Inc.","2/17/2020","1476.96","5475.95","6352.97","8104.66","6931"
"988","FB","Inc.","2/19/2011","9571.52","9846.97","6022.2","9627.08","61878"
"989","TSLA","Inc.","12/17/2019","9864.11","4496.2","2923.92","4138.38","91879"
"990","GOOG","Inc.","5/29/2011","8579.43","9893.91","7835.89","7744.98","34725"
"991","FB","Apple Inc.","11/27/2016","2074.57","1495.6","8795.49","3906.88","47090"
"992","AAPL","Tesla","4/17/2015","3058.91","7729.73","6292.95","1870.32","78224"
"993","FB","Amazon.com","12/3/2012","3191.13","6253.65","2709.11","8119.52","22901"
"994","GOOG","Inc.","10/11/2010","7590.62","9954.74","3594.5","2954.46","13089"
"995","GOOG","Inc.","9/24/2020","9299.9","8415.02","4202.17","4624.15","47681"
"996","GOOG","Inc.","9/27/2011","3224.69","2405.0","1435.12","5818.02","23838"
"997","TSLA","Apple Inc.","7/6/2019","3442.07","8456.18","4826.35","5710.05","58786"
"998","GOOG","Inc.","7/14/2010","7368.0","1611.33","9789.57","7310.1","15378"
"999","TSLA","Inc.","12/5/2010","9198.41","9943.27","4011.73","1333.53","82017"
"1000","AMZN","Inc.","8/25/2017","8685.98","1415.92","6415.69","6742.67","84872"
